pokemon_name,form_name,dictionaryId,formNo,id,compareSizeScaleFix,compareLayoutScaleFix,compareOffsetYFix,compareOffsetXFix,isGigantamax
Bulbasaur,Normal,1,0,DI0001000,905,800,-30,0,No
Ivysaur,Normal,2,0,DI0002000,1150,850,-55,0,No
Venusaur,Normal,3,0,DI0003000,2775,950,-205,15,No
Venusaur,Gigantamax,3,0,DI0003000G,40000,1000,-1560,0,Yes
Venusaur,Form 1,3,1,DI0003001,3280,1075,-130,0,No
Charmander,Normal,4,0,DI0004000,750,800,-40,0,No
Charmeleon,Normal,5,0,DI0005000,1310,1000,-65,0,No
Charizard,Normal,6,0,DI0006000,2375,1100,-75,-5,No
Charizard,Gigantamax,6,0,DI0006000G,28900,950,-2135,-5,Yes
Charizard,Form 1,6,1,DI0006001,2450,1100,-130,-80,No
Charizard,Form 2,6,2,DI0006002,2445,1000,-100,-55,No
Squirtle,Normal,7,0,DI0007000,640,800,-50,0,No
Wartortle,Normal,8,0,DI0008000,1055,800,-60,-15,No
Blastoise,Normal,9,0,DI0009000,1580,950,-80,0,No
Blastoise,Gigantamax,9,0,DI0009000G,31250,1000,-1100,0,Yes
Blastoise,Form 1,9,1,DI0009001,2050,1050,-85,-30,No
Caterpie,Normal,10,0,DI0010000,234,800,-10,0,No
Metapod,Normal,11,0,DI0011000,820,800,-25,0,No
Butterfree,Normal,12,0,DI0012000,1300,850,-20,-10,No
Butterfree,Gigantamax,12,0,DI0012000G,19500,1000,-365,0,Yes
Weedle,Normal,13,0,DI0013000,275,800,-15,0,No
Kakuna,Normal,14,0,DI0014000,710,500,-20,30,No
Beedrill,Normal,15,0,DI0015000,1125,950,0,0,No
Beedrill,Form 1,15,1,DI0015001,1700,875,25,-10,No
Pidgey,Normal,16,0,DI0016000,370,800,-25,0,No
Pidgeotto,Normal,17,0,DI0017000,1975,850,-45,-20,No
Pidgeot,Normal,18,0,DI0018000,2725,850,-5,0,No
Pidgeot,Form 1,18,1,DI0018001,4425,1100,-250,30,No
Rattata,Normal,19,0,DI0019000,550,900,-40,0,No
Rattata,Form 1,19,1,DI0019001,580,900,-30,0,No
Raticate,Normal,20,0,DI0020000,825,950,-70,0,No
Raticate,Form 1,20,1,DI0020001,1055,1000,-65,0,No
Spearow,Normal,21,0,DI0021000,380,900,-25,0,No
Fearow,Normal,22,0,DI0022000,2850,950,-155,0,No
Ekans,Normal,23,0,DI0023000,375,800,-30,0,No
Arbok,Normal,24,0,DI0024000,1575,950,-45,0,No
Pikachu,Normal,25,0,DI0025000,590,800,-75,0,No
Pikachu,Gigantamax,25,0,DI0025000G,35350,800,-630,0,Yes
Pikachu,Form 1,25,1,DI0025001,590,800,-25,0,No
Pikachu,Form 2,25,2,DI0025002,590,800,-25,0,No
Pikachu,Form 3,25,3,DI0025003,590,800,-25,0,No
Pikachu,Form 4,25,4,DI0025004,590,800,-25,0,No
Pikachu,Form 5,25,5,DI0025005,590,800,-25,0,No
Pikachu,Form 6,25,6,DI0025006,590,800,-25,0,No
Pikachu,Form 7,25,7,DI0025007,590,800,-25,0,No
Pikachu,Form 9,25,9,DI0025009,590,800,-25,0,No
Raichu,Normal,26,0,DI0026000,1080,1300,-25,110,No
Raichu,Form 1,26,1,DI0026001,880,1000,-5,-20,No
Sandshrew,Normal,27,0,DI0027000,800,800,-70,0,No
Sandshrew,Form 1,27,1,DI0027001,985,900,-55,0,No
Sandslash,Normal,28,0,DI0028000,1080,1000,-35,0,No
Sandslash,Form 1,28,1,DI0028001,1375,900,-95,0,No
Nidoran♀,Normal,29,0,DI0029000,550,800,-35,0,No
Nidorina,Normal,30,0,DI0030000,900,1025,-50,0,No
Nidoqueen,Normal,31,0,DI0031000,1410,825,-65,-30,No
Nidoran♂,Normal,32,0,DI0032000,640,800,-40,0,No
Nidorino,Normal,33,0,DI0033000,1150,1025,-90,0,No
Nidoking,Normal,34,0,DI0034000,1725,950,-110,0,No
Clefairy,Normal,35,0,DI0035000,785,900,-25,0,No
Clefable,Normal,36,0,DI0036000,1550,975,-35,0,No
Vulpix,Normal,37,0,DI0037000,825,800,-30,0,No
Vulpix,Form 1,37,1,DI0037001,715,900,-25,0,No
Ninetales,Normal,38,0,DI0038000,1325,1000,-110,0,No
Ninetales,Form 1,38,1,DI0038001,1630,1025,-80,-15,No
Jigglypuff,Normal,39,0,DI0039000,745,875,-45,40,No
Wigglytuff,Normal,40,0,DI0040000,1105,1175,-65,-40,No
Zubat,Normal,41,0,DI0041000,990,725,-20,0,No
Golbat,Normal,42,0,DI0042000,1700,1375,-45,100,No
Oddish,Normal,43,0,DI0043000,675,1050,-80,0,No
Gloom,Normal,44,0,DI0044000,1075,925,-40,0,No
Vileplume,Normal,45,0,DI0045000,1600,1100,-55,-30,No
Paras,Normal,46,0,DI0046000,555,850,-70,0,No
Parasect,Normal,47,0,DI0047000,1275,1000,-110,20,No
Venonat,Normal,48,0,DI0048000,975,850,-50,0,No
Venomoth,Normal,49,0,DI0049000,2550,925,-320,0,No
Diglett,Normal,50,0,DI0050000,305,925,-25,0,No
Diglett,Form 1,50,1,DI0050001,295,925,-25,0,No
Dugtrio,Normal,51,0,DI0051000,875,1000,-50,0,No
Dugtrio,Form 1,51,1,DI0051001,930,1000,-50,25,No
Meowth,Normal,52,0,DI0052000,650,800,-70,10,No
Meowth,Gigantamax,52,0,DI0052000G,33225,800,-565,0,Yes
Meowth,Form 1,52,1,DI0052001,580,800,-25,0,No
Meowth,Form 2,52,2,DI0052002,605,800,-75,-20,No
Persian,Normal,53,0,DI0053000,1330,1025,-85,0,No
Persian,Form 1,53,1,DI0053001,1625,850,-150,0,No
Psyduck,Normal,54,0,DI0054000,855,1025,-35,0,No
Golduck,Normal,55,0,DI0055000,2025,875,-175,0,No
Mankey,Normal,56,0,DI0056000,1080,875,-80,35,No
Primeape,Normal,57,0,DI0057000,1225,1025,0,0,No
Growlithe,Normal,58,0,DI0058000,755,850,-40,0,No
Growlithe,Form 1,58,1,DI0058001,1015,1000,-30,0,No
Arcanine,Normal,59,0,DI0059000,2175,950,-140,0,No
Arcanine,Form 1,59,1,DI0059001,3175,975,-125,0,No
Poliwag,Normal,60,0,DI0060000,1300,800,-150,65,No
Poliwhirl,Normal,61,0,DI0061000,1645,850,-80,0,No
Poliwrath,Normal,62,0,DI0062000,1950,1000,-90,0,No
Abra,Normal,63,0,DI0063000,1050,1025,-75,0,No
Kadabra,Normal,64,0,DI0064000,1875,875,-110,0,No
Alakazam,Normal,65,0,DI0065000,1755,850,-60,0,No
Alakazam,Form 1,65,1,DI0065001,1825,1025,-65,0,No
Machop,Normal,66,0,DI0066000,825,800,-25,0,No
Machoke,Normal,67,0,DI0067000,1560,875,-50,0,No
Machamp,Normal,68,0,DI0068000,2075,900,-70,10,No
Machamp,Gigantamax,68,0,DI0068000G,27650,900,-895,0,Yes
Bellsprout,Normal,69,0,DI0069000,810,800,-15,0,No
Weepinbell,Normal,70,0,DI0070000,1225,975,-90,0,No
Victreebel,Normal,71,0,DI0071000,1750,1050,-65,0,No
Tentacool,Normal,72,0,DI0072000,645,1050,-15,0,No
Tentacruel,Normal,73,0,DI0073000,1460,1100,-40,0,No
Geodude,Normal,74,0,DI0074000,1280,925,-230,0,No
Geodude,Form 1,74,1,DI0074001,1025,925,-125,0,No
Graveler,Normal,75,0,DI0075000,2115,975,-415,0,No
Graveler,Form 1,75,1,DI0075001,1945,900,-455,0,No
Golem,Normal,76,0,DI0076000,1830,1100,-170,0,No
Golem,Form 1,76,1,DI0076001,1875,900,-110,0,No
Ponyta,Normal,77,0,DI0077000,1120,800,-55,0,No
Ponyta,Form 1,77,1,DI0077001,940,1050,-40,0,No
Rapidash,Normal,78,0,DI0078000,1735,950,-140,0,No
Rapidash,Form 1,78,1,DI0078001,1790,1025,-110,0,No
Slowpoke,Normal,79,0,DI0079000,1225,900,-55,0,No
Slowpoke,Form 1,79,1,DI0079001,1575,1075,-80,0,No
Slowbro,Normal,80,0,DI0080000,1800,925,-110,0,No
Slowbro,Form 1,80,1,DI0080001,1875,850,-35,0,No
Slowbro,Form 2,80,2,DI0080002,2000,900,-100,0,No
Magnemite,Normal,81,0,DI0081000,570,1250,-50,0,No
Magneton,Normal,82,0,DI0082000,1120,975,-25,0,No
Farfetch'd,Normal,83,0,DI0083000,1100,800,-40,0,No
Farfetch'd,Form 1,83,1,DI0083001,1450,1000,-65,0,No
Doduo,Normal,84,0,DI0084000,1800,800,-85,0,No
Dodrio,Normal,85,0,DI0085000,1825,800,-130,0,No
Seel,Normal,86,0,DI0086000,820,1100,-35,0,No
Dewgong,Normal,87,0,DI0087000,925,925,-90,0,No
Grimer,Normal,88,0,DI0088000,1495,1025,-80,0,No
Grimer,Form 1,88,1,DI0088001,1100,800,-45,0,No
Muk,Normal,89,0,DI0089000,2375,1100,-105,0,No
Muk,Form 1,89,1,DI0089001,2395,1000,-150,0,No
Shellder,Normal,90,0,DI0090000,475,1125,-95,0,No
Cloyster,Normal,91,0,DI0091000,1600,925,-40,0,No
Gastly,Normal,92,0,DI0092000,1400,975,-15,30,No
Haunter,Normal,93,0,DI0093000,1850,1150,-45,0,No
Gengar,Normal,94,0,DI0094000,1825,850,-120,0,No
Gengar,Gigantamax,94,0,DI0094000G,29175,1000,-2660,0,Yes
Gengar,Form 1,94,1,DI0094001,2425,900,-340,0,No
Onix,Normal,95,0,DI0095000,3900,1100,-110,0,No
Drowzee,Normal,96,0,DI0096000,1210,800,-60,0,No
Hypno,Normal,97,0,DI0097000,1750,925,-90,0,No
Krabby,Normal,98,0,DI0098000,850,875,-30,0,No
Kingler,Normal,99,0,DI0099000,1925,975,-40,25,No
Kingler,Gigantamax,99,0,DI0099000G,34800,900,-1330,0,Yes
Voltorb,Normal,100,0,DI0100000,590,950,-20,0,No
Voltorb,Form 1,100,1,DI0100001,590,950,-20,0,No
Electrode,Normal,101,0,DI0101000,1245,1050,-30,0,No
Electrode,Form 1,101,1,DI0101001,1253,1050,-30,0,No
Exeggcute,Normal,102,0,DI0102000,400,1000,-70,0,No
Exeggutor,Normal,103,0,DI0103000,2000,1025,-70,0,No
Exeggutor,Form 1,103,1,DI0103001,10175,500,-190,0,No
Cubone,Normal,104,0,DI0104000,550,1000,-25,0,No
Marowak,Normal,105,0,DI0105000,1250,800,-60,0,No
Marowak,Form 1,105,1,DI0105001,1555,850,-55,0,No
Hitmonlee,Normal,106,0,DI0106000,1800,850,-50,0,No
Hitmonchan,Normal,107,0,DI0107000,1500,900,-70,0,No
Lickitung,Normal,108,0,DI0108000,1400,850,-55,0,No
Koffing,Normal,109,0,DI0109000,955,1175,5,0,No
Weezing,Normal,110,0,DI0110000,2075,875,-135,0,No
Weezing,Form 1,110,1,DI0110001,3150,1000,0,0,No
Rhyhorn,Normal,111,0,DI0111000,1200,850,-75,0,No
Rhydon,Normal,112,0,DI0112000,2435,1000,-135,0,No
Chansey,Normal,113,0,DI0113000,1405,850,-70,0,No
Tangela,Normal,114,0,DI0114000,1130,1175,-130,0,No
Kangaskhan,Normal,115,0,DI0115000,2400,850,-100,0,No
Kangaskhan,Form 1,115,1,DI0115001,2430,1100,-215,0,No
Horsea,Normal,116,0,DI0116000,545,850,-15,0,No
Seadra,Normal,117,0,DI0117000,1475,950,-75,0,No
Goldeen,Normal,118,0,DI0118000,650,1100,-70,0,No
Seaking,Normal,119,0,DI0119000,1150,925,-45,0,No
Staryu,Normal,120,0,DI0120000,825,1100,-50,0,No
Starmie,Normal,121,0,DI0121000,1230,925,-95,0,No
Mr. Mime,Normal,122,0,DI0122000,1510,1025,-60,0,No
Mr. Mime,Form 1,122,1,DI0122001,1625,900,-55,0,No
Scyther,Normal,123,0,DI0123000,1850,850,-75,0,No
Jynx,Normal,124,0,DI0124000,1775,850,-65,0,No
Electabuzz,Normal,125,0,DI0125000,1350,950,-75,-10,No
Magmar,Normal,126,0,DI0126000,1550,850,-105,0,No
Pinsir,Normal,127,0,DI0127000,1675,850,-110,0,No
Pinsir,Form 1,127,1,DI0127001,2075,1000,-140,0,No
Tauros,Normal,128,0,DI0128000,2300,850,-110,0,No
Tauros,Form 1,128,1,DI0128001,2325,850,-140,0,No
Tauros,Form 2,128,2,DI0128002,2300,900,-110,-15,No
Tauros,Form 3,128,3,DI0128003,2225,1000,25,-15,No
Magikarp,Normal,129,0,DI0129000,1035,850,0,0,No
Gyarados,Normal,130,0,DI0130000,3075,900,10,0,No
Gyarados,Form 1,130,1,DI0130001,4750,1000,-160,0,No
Lapras,Normal,131,0,DI0131000,3125,775,-190,0,No
Lapras,Gigantamax,131,0,DI0131000G,29125,900,-820,0,Yes
Ditto,Normal,132,0,DI0132000,450,925,-25,0,No
Eevee,Normal,133,0,DI0133000,430,975,-20,0,No
Eevee,Gigantamax,133,0,DI0133000G,37850,850,-850,0,Yes
Vaporeon,Normal,134,0,DI0134000,1070,900,-50,0,No
Jolteon,Normal,135,0,DI0135000,855,1050,-40,0,No
Flareon,Normal,136,0,DI0136000,1055,1000,-60,0,No
Porygon,Normal,137,0,DI0137000,900,1000,0,0,No
Omanyte,Normal,138,0,DI0138000,490,1125,-30,-35,No
Omastar,Normal,139,0,DI0139000,1200,1000,-50,0,No
Kabuto,Normal,140,0,DI0140000,825,850,-20,0,No
Kabutops,Normal,141,0,DI0141000,1550,876,-125,0,No
Aerodactyl,Normal,142,0,DI0142000,3200,1000,-365,0,No
Aerodactyl,Form 1,142,1,DI0142001,4075,1000,-415,0,No
Snorlax,Normal,143,0,DI0143000,2375,800,-95,0,No
Snorlax,Gigantamax,143,0,DI0143000G,46600,950,-2080,0,Yes
Articuno,Normal,144,0,DI0144000,2390,800,0,0,No
Articuno,Form 1,144,1,DI0144001,2000,1000,20,0,No
Zapdos,Normal,145,0,DI0145000,2755,1000,-185,0,No
Zapdos,Form 1,145,1,DI0145001,1525,1000,-45,0,No
Moltres,Normal,146,0,DI0146000,3580,1000,-560,0,No
Moltres,Form 1,146,1,DI0146001,2625,1000,-65,0,No
Dratini,Normal,147,0,DI0147000,1250,850,-30,-35,No
Dragonair,Normal,148,0,DI0148000,1450,850,-70,0,No
Dragonite,Normal,149,0,DI0149000,2290,850,-195,0,No
Mewtwo,Normal,150,0,DI0150000,2200,800,-115,0,No
Mewtwo,Form 1,150,1,DI0150001,2230,800,-90,0,No
Mewtwo,Form 2,150,2,DI0150002,1630,800,-25,0,No
Mew,Normal,151,0,DI0151000,675,800,-5,-60,No
Chikorita,Normal,152,0,DI0152000,830,700,-40,40,No
Bayleef,Normal,153,0,DI0153000,1300,600,-60,35,No
Meganium,Normal,154,0,DI0154000,2250,750,-85,0,No
Cyndaquil,Normal,155,0,DI0155000,850,800,-25,-30,No
Quilava,Normal,156,0,DI0156000,1155,650,-40,0,No
Typhlosion,Normal,157,0,DI0157000,1925,650,-95,0,No
Typhlosion,Form 1,157,1,DI0157001,2250,650,-125,0,No
Totodile,Normal,158,0,DI0158000,800,600,-25,0,No
Croconaw,Normal,159,0,DI0159000,1150,800,-25,0,No
Feraligatr,Normal,160,0,DI0160000,2325,875,-160,0,No
Sentret,Normal,161,0,DI0161000,825,700,-20,30,No
Furret,Normal,162,0,DI0162000,975,800,-25,-35,No
Hoothoot,Normal,163,0,DI0163000,800,800,-50,0,No
Noctowl,Normal,164,0,DI0164000,1555,700,-75,0,No
Ledyba,Normal,165,0,DI0165000,1060,800,0,0,No
Ledian,Normal,166,0,DI0166000,1425,800,-15,0,No
Spinarak,Normal,167,0,DI0167000,600,950,-75,0,No
Ariados,Normal,168,0,DI0168000,1100,900,-75,0,No
Crobat,Normal,169,0,DI0169000,4350,1050,-495,0,No
Chinchou,Normal,170,0,DI0170000,1025,1000,-60,0,No
Lanturn,Normal,171,0,DI0171000,1550,925,-185,-10,No
Pichu,Normal,172,0,DI0172000,400,800,-20,0,No
Cleffa,Normal,173,0,DI0173000,355,800,-15,0,No
Igglybuff,Normal,174,0,DI0174000,350,800,20,0,No
Togepi,Normal,175,0,DI0175000,375,800,-25,0,No
Togetic,Normal,176,0,DI0176000,615,800,20,0,No
Natu,Normal,177,0,DI0177000,225,800,-15,0,No
Xatu,Normal,178,0,DI0178000,1600,800,-65,30,No
Mareep,Normal,179,0,DI0179000,650,800,-35,0,No
Flaaffy,Normal,180,0,DI0180000,855,750,-30,20,No
Ampharos,Normal,181,0,DI0181000,1605,750,-75,0,No
Ampharos,Form 1,181,1,DI0181001,1450,900,-75,20,No
Bellossom,Normal,182,0,DI0182000,450,800,-15,0,No
Marill,Normal,183,0,DI0183000,600,850,-20,0,No
Azumarill,Normal,184,0,DI0184000,850,850,-40,0,No
Sudowoodo,Normal,185,0,DI0185000,1250,800,-45,0,No
Politoed,Normal,186,0,DI0186000,1225,800,-80,0,No
Hoppip,Normal,187,0,DI0187000,575,975,-15,-15,No
Skiploom,Normal,188,0,DI0188000,950,900,-55,20,No
Jumpluff,Normal,189,0,DI0189000,985,850,0,0,No
Aipom,Normal,190,0,DI0190000,1100,800,-45,0,No
Sunkern,Normal,191,0,DI0191000,350,800,-35,0,No
Sunflora,Normal,192,0,DI0192000,975,800,-45,0,No
Yanma,Normal,193,0,DI0193000,1150,900,-155,20,No
Wooper,Normal,194,0,DI0194000,550,1000,-75,0,No
Wooper,Form 1,194,1,DI0194001,550,800,-80,0,No
Quagsire,Normal,195,0,DI0195000,1500,800,-60,0,No
Espeon,Normal,196,0,DI0196000,1110,850,-45,0,No
Umbreon,Normal,197,0,DI0197000,1050,850,-50,0,No
Murkrow,Normal,198,0,DI0198000,575,800,-20,0,No
Slowking,Normal,199,0,DI0199000,2130,800,-70,0,No
Slowking,Form 1,199,1,DI0199001,1900,800,-60,0,No
Misdreavus,Normal,200,0,DI0200000,805,850,-10,0,No
Unown,Normal,201,0,DI0201000,495,800,30,0,No
Unown,Form 1,201,1,DI0201001,545,800,25,0,No
Unown,Form 2,201,2,DI0201002,495,800,25,0,No
Unown,Form 3,201,3,DI0201003,470,800,30,0,No
Unown,Form 4,201,4,DI0201004,445,800,30,0,No
Unown,Form 5,201,5,DI0201005,445,825,30,75,No
Unown,Form 6,201,6,DI0201006,595,800,20,0,No
Unown,Form 7,201,7,DI0201007,495,800,25,0,No
Unown,Form 8,201,8,DI0201008,495,800,30,0,No
Unown,Form 9,201,9,DI0201009,470,800,25,0,No
Unown,Form 10,201,10,DI0201010,520,800,25,0,No
Unown,Form 11,201,11,DI0201011,520,800,25,-5,No
Unown,Form 12,201,12,DI0201012,495,1025,15,-10,No
Unown,Form 13,201,13,DI0201013,520,975,15,-5,No
Unown,Form 14,201,14,DI0201014,570,850,20,10,No
Unown,Form 15,201,15,DI0201015,520,800,25,0,No
Unown,Form 16,201,16,DI0201016,445,800,30,0,No
Unown,Form 17,201,17,DI0201017,495,800,25,0,No
Unown,Form 18,201,18,DI0201018,645,800,20,0,No
Unown,Form 19,201,19,DI0201019,470,850,30,-5,No
Unown,Form 20,201,20,DI0201020,545,875,10,0,No
Unown,Form 21,201,21,DI0201021,545,950,25,20,No
Unown,Form 22,201,22,DI0201022,470,800,20,0,No
Unown,Form 23,201,23,DI0201023,420,1050,30,0,No
Unown,Form 24,201,24,DI0201024,570,800,25,0,No
Unown,Form 25,201,25,DI0201025,570,800,25,0,No
Unown,Form 26,201,26,DI0201026,620,800,25,0,No
Unown,Form 27,201,27,DI0201027,620,800,25,0,No
Wobbuffet,Normal,202,0,DI0202000,1405,650,-55,0,No
Girafarig,Normal,203,0,DI0203000,1575,650,-50,0,No
Pineco,Normal,204,0,DI0204000,700,850,-60,0,No
Forretress,Normal,205,0,DI0205000,1630,875,-135,0,No
Dunsparce,Normal,206,0,DI0206000,1255,850,-100,5,No
Gligar,Normal,207,0,DI0207000,1175,950,-35,0,No
Steelix,Normal,208,0,DI0208000,5800,1000,-315,0,No
Steelix,Form 1,208,1,DI0208001,7400,1000,-365,0,No
Snubbull,Normal,209,0,DI0209000,825,850,-40,0,No
Granbull,Normal,210,0,DI0210000,1700,850,-95,10,No
Qwilfish,Normal,211,0,DI0211000,760,1125,15,0,No
Qwilfish,Form 1,211,1,DI0211001,860,900,-65,15,No
Scizor,Normal,212,0,DI0212000,2100,900,-120,0,No
Scizor,Form 1,212,1,DI0212001,2100,850,-65,0,No
Shuckle,Normal,213,0,DI0213000,950,850,-85,0,No
Heracross,Normal,214,0,DI0214000,1640,850,-85,0,No
Heracross,Form 1,214,1,DI0214001,1655,850,-70,0,No
Sneasel,Normal,215,0,DI0215000,930,850,0,0,No
Sneasel,Form 1,215,1,DI0215001,880,850,-20,0,No
Teddiursa,Normal,216,0,DI0216000,775,775,-40,-30,No
Ursaring,Normal,217,0,DI0217000,1900,600,-55,0,No
Slugma,Normal,218,0,DI0218000,840,800,-50,0,No
Magcargo,Normal,219,0,DI0219000,1105,800,-60,0,No
Swinub,Normal,220,0,DI0220000,595,900,-25,0,No
Piloswine,Normal,221,0,DI0221000,1200,850,-60,5,No
Corsola,Normal,222,0,DI0222000,750,800,-45,0,No
Corsola,Form 1,222,1,DI0222001,760,850,40,0,No
Remoraid,Normal,223,0,DI0223000,465,1025,50,-10,No
Octillery,Normal,224,0,DI0224000,800,850,-20,0,No
Delibird,Normal,225,0,DI0225000,975,800,-40,0,No
Mantine,Normal,226,0,DI0226000,2125,950,-295,0,No
Skarmory,Normal,227,0,DI0227000,2300,975,-245,35,No
Houndour,Normal,228,0,DI0228000,750,850,-40,-10,No
Houndoom,Normal,229,0,DI0229000,1600,825,-105,-5,No
Houndoom,Form 1,229,1,DI0229001,1800,800,-65,0,No
Kingdra,Normal,230,0,DI0230000,1600,800,20,-15,No
Phanpy,Normal,231,0,DI0231000,730,800,-30,0,No
Donphan,Normal,232,0,DI0232000,1970,1025,-95,-5,No
Porygon2,Normal,233,0,DI0233000,695,850,0,0,No
Stantler,Normal,234,0,DI0234000,1500,800,-35,0,No
Smeargle,Normal,235,0,DI0235000,1400,800,-65,0,No
Tyrogue,Normal,236,0,DI0236000,695,900,-25,-35,No
Hitmontop,Normal,237,0,DI0237000,1500,800,-40,0,No
Smoochum,Normal,238,0,DI0238000,560,850,-25,0,No
Elekid,Normal,239,0,DI0239000,825,925,-35,-20,No
Magby,Normal,240,0,DI0240000,890,600,-60,0,No
Miltank,Normal,241,0,DI0241000,1340,825,-15,0,No
Blissey,Normal,242,0,DI0242000,1805,900,-40,-10,No
Raikou,Normal,243,0,DI0243000,2175,950,-95,0,No
Entei,Normal,244,0,DI0244000,2030,900,-90,0,No
Suicune,Normal,245,0,DI0245000,1990,900,-70,0,No
Larvitar,Normal,246,0,DI0246000,750,800,-45,0,No
Pupitar,Normal,247,0,DI0247000,1190,750,-65,0,No
Tyranitar,Normal,248,0,DI0248000,2130,900,-80,0,No
Tyranitar,Form 1,248,1,DI0248001,2560,900,-75,0,No
Lugia,Normal,249,0,DI0249000,5000,950,-365,0,No
Ho-Oh,Normal,250,0,DI0250000,5450,950,-25,0,No
Celebi,Normal,251,0,DI0251000,575,975,5,0,No
Treecko,Normal,252,0,DI0252000,570,800,-25,0,No
Grovyle,Normal,253,0,DI0253000,1230,875,-115,0,No
Sceptile,Normal,254,0,DI0254000,1940,800,-135,0,No
Sceptile,Form 1,254,1,DI0254001,2795,1200,-65,-60,No
Torchic,Normal,255,0,DI0255000,520,800,-40,0,No
Combusken,Normal,256,0,DI0256000,1005,800,-60,0,No
Blaziken,Normal,257,0,DI0257000,2025,800,-85,0,No
Blaziken,Form 1,257,1,DI0257001,2325,1150,-85,90,No
Mudkip,Normal,258,0,DI0258000,485,800,-25,0,No
Marshtomp,Normal,259,0,DI0259000,820,800,-75,0,No
Swampert,Normal,260,0,DI0260000,2325,900,-115,0,No
Swampert,Form 1,260,1,DI0260001,2075,1025,-55,0,No
Poochyena,Normal,261,0,DI0261000,710,875,-40,0,No
Mightyena,Normal,262,0,DI0262000,1150,850,-95,0,No
Zigzagoon,Normal,263,0,DI0263000,970,875,-50,0,No
Zigzagoon,Form 1,263,1,DI0263001,755,925,-35,0,No
Linoone,Normal,264,0,DI0264000,1775,975,-80,0,No
Linoone,Form 1,264,1,DI0264001,1500,975,-140,-10,No
Wurmple,Normal,265,0,DI0265000,380,800,-25,-50,No
Silcoon,Normal,266,0,DI0266000,750,1050,-35,0,No
Beautifly,Normal,267,0,DI0267000,1025,1000,-25,-5,No
Cascoon,Normal,268,0,DI0268000,920,900,-45,0,No
Dustox,Normal,269,0,DI0269000,1830,1000,-220,0,No
Lotad,Normal,270,0,DI0270000,1020,900,-70,-5,No
Lombre,Normal,271,0,DI0271000,1580,800,-55,10,No
Ludicolo,Normal,272,0,DI0272000,1635,800,-40,0,No
Seedot,Normal,273,0,DI0273000,615,800,-35,0,No
Nuzleaf,Normal,274,0,DI0274000,1000,825,-45,55,No
Shiftry,Normal,275,0,DI0275000,1855,1000,-120,25,No
Taillow,Normal,276,0,DI0276000,500,975,-30,5,No
Swellow,Normal,277,0,DI0277000,1000,1025,-50,10,No
Wingull,Normal,278,0,DI0278000,1300,850,-125,0,No
Pelipper,Normal,279,0,DI0279000,1545,875,-20,0,No
Ralts,Normal,280,0,DI0280000,480,700,-25,0,No
Kirlia,Normal,281,0,DI0281000,845,700,-25,0,No
Gardevoir,Normal,282,0,DI0282000,1720,1000,-60,-30,No
Gardevoir,Form 1,282,1,DI0282001,1530,1200,-60,60,No
Surskit,Normal,283,0,DI0283000,850,900,-70,0,No
Masquerain,Normal,284,0,DI0284000,1075,925,-75,0,No
Shroomish,Normal,285,0,DI0285000,600,800,-20,0,No
Breloom,Normal,286,0,DI0286000,1320,850,-85,0,No
Slakoth,Normal,287,0,DI0287000,1200,850,-100,0,No
Vigoroth,Normal,288,0,DI0288000,2175,700,-120,0,No
Slaking,Normal,289,0,DI0289000,2180,875,-110,0,No
Nincada,Normal,290,0,DI0290000,660,950,-50,0,No
Ninjask,Normal,291,0,DI0291000,1450,975,-135,0,No
Shedinja,Normal,292,0,DI0292000,855,925,5,0,No
Whismur,Normal,293,0,DI0293000,840,825,-35,15,No
Loudred,Normal,294,0,DI0294000,1100,925,-40,-15,No
Exploud,Normal,295,0,DI0295000,1650,950,-85,20,No
Makuhita,Normal,296,0,DI0296000,1260,900,-70,0,No
Hariyama,Normal,297,0,DI0297000,2625,975,-155,0,No
Azurill,Normal,298,0,DI0298000,365,875,-15,0,No
Nosepass,Normal,299,0,DI0299000,1130,900,-40,0,No
Skitty,Normal,300,0,DI0300000,890,850,-30,0,No
Delcatty,Normal,301,0,DI0301000,1230,700,-55,0,No
Sableye,Normal,302,0,DI0302000,670,950,-40,-35,No
Sableye,Form 1,302,1,DI0302001,640,850,-30,0,No
Mawile,Normal,303,0,DI0303000,940,1025,-95,0,No
Mawile,Form 1,303,1,DI0303001,1075,950,-40,0,No
Aron,Normal,304,0,DI0304000,600,900,-40,0,No
Lairon,Normal,305,0,DI0305000,1300,950,-105,0,No
Aggron,Normal,306,0,DI0306000,2200,925,-80,0,No
Aggron,Form 1,306,1,DI0306001,2925,1000,-115,0,No
Meditite,Normal,307,0,DI0307000,615,850,-5,30,No
Medicham,Normal,308,0,DI0308000,1380,650,-40,0,No
Medicham,Form 1,308,1,DI0308001,1320,975,-40,-10,No
Electrike,Normal,309,0,DI0309000,1030,800,-50,0,No
Manectric,Normal,310,0,DI0310000,1600,850,-60,0,No
Manectric,Form 1,310,1,DI0310001,1950,825,-90,0,No
Plusle,Normal,311,0,DI0311000,470,800,-50,0,No
Minun,Normal,312,0,DI0312000,490,800,-50,0,No
Volbeat,Normal,313,0,DI0313000,820,800,-25,30,No
Illumise,Normal,314,0,DI0314000,705,800,-25,-20,No
Roselia,Normal,315,0,DI0315000,395,900,-20,-15,No
Gulpin,Normal,316,0,DI0316000,580,1025,-30,-10,No
Swalot,Normal,317,0,DI0317000,1850,875,-90,0,No
Carvanha,Normal,318,0,DI0318000,1080,850,-5,20,No
Sharpedo,Normal,319,0,DI0319000,1855,825,-40,-10,No
Sharpedo,Form 1,319,1,DI0319001,2360,1000,-5,-25,No
Wailmer,Normal,320,0,DI0320000,3380,800,-480,0,No
Wailord,Normal,321,0,DI0321000,12800,900,-1960,0,No
Numel,Normal,322,0,DI0322000,750,850,-35,-20,No
Camerupt,Normal,323,0,DI0323000,2725,900,-135,0,No
Camerupt,Form 1,323,1,DI0323001,3100,1000,-105,0,No
Torkoal,Normal,324,0,DI0324000,790,900,-40,0,No
Spoink,Normal,325,0,DI0325000,855,725,-95,0,No
Grumpig,Normal,326,0,DI0326000,1045,825,-40,10,No
Spinda,Normal,327,0,DI0327000,1250,875,-40,35,No
Trapinch,Normal,328,0,DI0328000,1095,850,-45,0,No
Vibrava,Normal,329,0,DI0329000,1200,950,-65,0,No
Flygon,Normal,330,0,DI0330000,2750,1025,-195,-5,No
Cacnea,Normal,331,0,DI0331000,740,875,-35,0,No
Cacturne,Normal,332,0,DI0332000,1375,825,-50,0,No
Swablu,Normal,333,0,DI0333000,895,975,-100,0,No
Altaria,Normal,334,0,DI0334000,1155,1050,25,0,No
Altaria,Form 1,334,1,DI0334001,2705,800,10,0,No
Zangoose,Normal,335,0,DI0335000,1480,925,-65,25,No
Seviper,Normal,336,0,DI0336000,705,925,-35,-20,No
Lunatone,Normal,337,0,DI0337000,1025,900,0,0,No
Solrock,Normal,338,0,DI0338000,1220,900,-15,0,No
Barboach,Normal,339,0,DI0339000,500,850,-50,0,No
Whiscash,Normal,340,0,DI0340000,855,1000,-50,0,No
Corphish,Normal,341,0,DI0341000,700,900,-25,0,No
Crawdaunt,Normal,342,0,DI0342000,1355,900,-70,0,No
Baltoy,Normal,343,0,DI0343000,570,925,5,0,No
Claydol,Normal,344,0,DI0344000,1540,900,-20,-10,No
Lileep,Normal,345,0,DI0345000,1100,800,-70,0,No
Cradily,Normal,346,0,DI0346000,1525,800,-80,0,No
Anorith,Normal,347,0,DI0347000,735,900,-10,20,No
Armaldo,Normal,348,0,DI0348000,1720,1075,-105,60,No
Feebas,Normal,349,0,DI0349000,555,1050,20,0,No
Milotic,Normal,350,0,DI0350000,2015,950,-135,0,No
Castform,Normal,351,0,DI0351000,430,800,15,0,No
Castform,Form 1,351,1,DI0351001,545,800,5,0,No
Castform,Form 2,351,2,DI0351002,670,550,-5,0,No
Castform,Form 3,351,3,DI0351003,560,800,0,0,No
Kecleon,Normal,352,0,DI0352000,1080,850,-45,0,No
Shuppet,Normal,353,0,DI0353000,600,875,20,0,No
Banette,Normal,354,0,DI0354000,1200,1050,-90,-5,No
Banette,Form 1,354,1,DI0354001,1455,900,-35,0,No
Duskull,Normal,355,0,DI0355000,1065,900,-70,0,No
Dusclops,Normal,356,0,DI0356000,1900,975,-130,0,No
Tropius,Normal,357,0,DI0357000,1930,1025,-55,0,No
Chimecho,Normal,358,0,DI0358000,670,800,-5,0,No
Absol,Normal,359,0,DI0359000,1300,800,-65,0,No
Absol,Form 1,359,1,DI0359001,1200,800,-75,0,No
Wynaut,Normal,360,0,DI0360000,720,975,-25,0,No
Snorunt,Normal,361,0,DI0361000,700,975,-25,0,No
Glalie,Normal,362,0,DI0362000,1715,900,-65,0,No
Glalie,Form 1,362,1,DI0362001,2075,850,15,0,No
Spheal,Normal,363,0,DI0363000,1395,850,-60,15,No
Sealeo,Normal,364,0,DI0364000,1600,1000,-140,0,No
Walrein,Normal,365,0,DI0365000,1655,1025,-165,0,No
Clamperl,Normal,366,0,DI0366000,580,900,-45,0,No
Huntail,Normal,367,0,DI0367000,1145,975,-65,0,No
Gorebyss,Normal,368,0,DI0368000,1180,900,-90,0,No
Relicanth,Normal,369,0,DI0369000,1480,950,-145,0,No
Luvdisc,Normal,370,0,DI0370000,600,725,25,0,No
Bagon,Normal,371,0,DI0371000,750,700,-45,0,No
Shelgon,Normal,372,0,DI0372000,1250,950,-90,0,No
Salamence,Normal,373,0,DI0373000,2165,1000,-125,0,No
Salamence,Form 1,373,1,DI0373001,5350,1000,-585,0,No
Beldum,Normal,374,0,DI0374000,745,1000,-110,30,No
Metang,Normal,375,0,DI0375000,1650,850,-130,0,No
Metagross,Normal,376,0,DI0376000,3125,1075,-375,0,No
Metagross,Form 1,376,1,DI0376001,4375,900,-170,0,No
Regirock,Normal,377,0,DI0377000,2030,900,-90,0,No
Regice,Normal,378,0,DI0378000,1965,900,-65,0,No
Registeel,Normal,379,0,DI0379000,2430,1050,-60,0,No
Latias,Normal,380,0,DI0380000,1600,950,-40,35,No
Latias,Form 1,380,1,DI0380001,1875,1125,20,0,No
Latios,Normal,381,0,DI0381000,2100,900,-195,0,No
Latios,Form 1,381,1,DI0381001,2475,1125,-275,0,No
Kyogre,Normal,382,0,DI0382000,6100,950,-1050,0,No
Kyogre,Form 1,382,1,DI0382001,11800,1000,-900,0,No
Groudon,Normal,383,0,DI0383000,5375,1000,-430,0,No
Groudon,Form 1,383,1,DI0383001,8055,1050,-335,0,No
Rayquaza,Normal,384,0,DI0384000,2525,1075,0,0,No
Rayquaza,Form 1,384,1,DI0384001,3350,950,-95,0,No
Jirachi,Normal,385,0,DI0385000,455,1125,-15,0,No
Deoxys,Normal,386,0,DI0386000,2100,925,-200,50,No
Deoxys,Form 1,386,1,DI0386001,1975,800,-145,0,No
Deoxys,Form 2,386,2,DI0386002,1865,800,-160,0,No
Deoxys,Form 3,386,3,DI0386003,1800,800,-135,0,No
Turtwig,Normal,387,0,DI0387000,475,950,-20,0,No
Grotle,Normal,388,0,DI0388000,1250,1025,-90,0,No
Torterra,Normal,389,0,DI0389000,2300,975,-100,0,No
Chimchar,Normal,390,0,DI0390000,595,850,-25,0,No
Monferno,Normal,391,0,DI0391000,1000,950,-45,0,No
Infernape,Normal,392,0,DI0392000,1435,975,-90,0,No
Piplup,Normal,393,0,DI0393000,515,875,-40,0,No
Prinplup,Normal,394,0,DI0394000,895,925,-60,15,No
Empoleon,Normal,395,0,DI0395000,1715,850,-110,0,No
Starly,Normal,396,0,DI0396000,375,900,-30,5,No
Staravia,Normal,397,0,DI0397000,675,850,-50,0,No
Staraptor,Normal,398,0,DI0398000,1185,850,-70,0,No
Bidoof,Normal,399,0,DI0399000,510,975,-40,0,No
Bibarel,Normal,400,0,DI0400000,1280,950,-65,-5,No
Kricketot,Normal,401,0,DI0401000,385,850,-30,25,No
Kricketune,Normal,402,0,DI0402000,1105,850,-50,0,No
Shinx,Normal,403,0,DI0403000,675,850,-30,0,No
Luxio,Normal,404,0,DI0404000,1075,950,-45,0,No
Luxray,Normal,405,0,DI0405000,1525,875,-70,0,No
Budew,Normal,406,0,DI0406000,240,850,-20,0,No
Roserade,Normal,407,0,DI0407000,950,850,-35,0,No
Cranidos,Normal,408,0,DI0408000,1025,950,-60,20,No
Rampardos,Normal,409,0,DI0409000,1460,950,-45,0,No
Shieldon,Normal,410,0,DI0410000,750,850,-50,0,No
Bastiodon,Normal,411,0,DI0411000,1530,975,-100,0,No
Burmy,Normal,412,0,DI0412000,420,800,0,0,No
Burmy,Form 1,412,1,DI0412001,420,800,0,0,No
Burmy,Form 2,412,2,DI0412002,420,800,0,0,No
Wormadam,Normal,413,0,DI0413000,575,800,5,40,No
Wormadam,Form 1,413,1,DI0413001,575,800,5,0,No
Wormadam,Form 2,413,2,DI0413002,575,800,5,30,No
Mothim,Normal,414,0,DI0414000,1550,1075,-185,0,No
Mothim,Form 1,414,1,DI0414001,1550,1075,-185,0,No
Mothim,Form 2,414,2,DI0414002,1550,1075,-185,0,No
Combee,Normal,415,0,DI0415000,605,1175,-50,20,No
Vespiquen,Normal,416,0,DI0416000,1400,875,-15,0,No
Pachirisu,Normal,417,0,DI0417000,505,900,-30,0,No
Buizel,Normal,418,0,DI0418000,945,850,-120,10,No
Floatzel,Normal,419,0,DI0419000,1150,850,-45,0,No
Cherubi,Normal,420,0,DI0420000,470,875,-20,0,No
Cherrim,Normal,421,0,DI0421000,570,850,-15,0,No
Cherrim,Form 1,421,1,DI0421001,630,900,-25,45,No
Shellos,Normal,422,0,DI0422000,375,850,-25,0,No
Shellos,Form 1,422,1,DI0422001,375,850,-25,0,No
Gastrodon,Normal,423,0,DI0423000,1085,850,-70,0,No
Gastrodon,Form 1,423,1,DI0423001,1065,850,-90,0,No
Ambipom,Normal,424,0,DI0424000,1720,925,-45,0,No
Drifloon,Normal,425,0,DI0425000,650,900,20,0,No
Drifblim,Normal,426,0,DI0426000,1525,875,-20,0,No
Buneary,Normal,427,0,DI0427000,805,850,-40,0,No
Lopunny,Normal,428,0,DI0428000,1260,850,-35,-20,No
Lopunny,Form 1,428,1,DI0428001,1225,1050,-25,5,No
Mismagius,Normal,429,0,DI0429000,1120,950,-5,0,No
Honchkrow,Normal,430,0,DI0430000,1500,900,-80,-30,No
Glameow,Normal,431,0,DI0431000,700,950,-35,30,No
Purugly,Normal,432,0,DI0432000,1100,900,-55,0,No
Chingling,Normal,433,0,DI0433000,525,950,40,95,No
Stunky,Normal,434,0,DI0434000,970,1100,-50,0,No
Skuntank,Normal,435,0,DI0435000,1500,875,-75,-10,No
Bronzor,Normal,436,0,DI0436000,650,975,-25,0,No
Bronzong,Normal,437,0,DI0437000,2140,1000,-240,15,No
Bonsly,Normal,438,0,DI0438000,600,800,-25,0,No
Mime Jr.,Normal,439,0,DI0439000,710,600,-65,-20,No
Happiny,Normal,440,0,DI0440000,675,700,-25,0,No
Chatot,Normal,441,0,DI0441000,570,975,-25,45,No
Spiritomb,Normal,442,0,DI0442000,1125,1050,-35,0,No
Gible,Normal,443,0,DI0443000,755,975,-40,0,No
Gabite,Normal,444,0,DI0444000,1525,900,-75,0,No
Garchomp,Normal,445,0,DI0445000,2280,1000,-135,0,No
Garchomp,Form 1,445,1,DI0445001,2725,975,-90,0,No
Munchlax,Normal,446,0,DI0446000,740,800,-40,0,No
Riolu,Normal,447,0,DI0447000,775,825,-25,-15,No
Lucario,Normal,448,0,DI0448000,1310,800,-45,15,No
Lucario,Form 1,448,1,DI0448001,1245,800,-45,0,No
Hippopotas,Normal,449,0,DI0449000,1205,975,-55,-10,No
Hippowdon,Normal,450,0,DI0450000,2900,850,-125,0,No
Skorupi,Normal,451,0,DI0451000,1100,950,-35,0,No
Drapion,Normal,452,0,DI0452000,2165,975,-50,-10,No
Croagunk,Normal,453,0,DI0453000,770,800,-45,0,No
Toxicroak,Normal,454,0,DI0454000,1475,950,-80,0,No
Carnivine,Normal,455,0,DI0455000,1750,900,-110,0,No
Finneon,Normal,456,0,DI0456000,405,875,5,5,No
Lumineon,Normal,457,0,DI0457000,1225,900,-5,0,No
Mantyke,Normal,458,0,DI0458000,900,975,-40,0,No
Snover,Normal,459,0,DI0459000,1440,900,-50,0,No
Abomasnow,Normal,460,0,DI0460000,2680,925,-120,0,No
Abomasnow,Form 1,460,1,DI0460001,3150,925,-185,0,No
Weavile,Normal,461,0,DI0461000,1170,950,-80,0,No
Magnezone,Normal,462,0,DI0462000,1580,950,-120,0,No
Lickilicky,Normal,463,0,DI0463000,1810,950,-55,0,No
Rhyperior,Normal,464,0,DI0464000,3400,950,-215,0,No
Tangrowth,Normal,465,0,DI0465000,2850,900,-70,0,No
Electivire,Normal,466,0,DI0466000,2255,1100,-85,0,No
Magmortar,Normal,467,0,DI0467000,1925,875,-140,10,No
Togekiss,Normal,468,0,DI0468000,2400,1100,-330,0,No
Yanmega,Normal,469,0,DI0469000,2025,1000,25,0,No
Leafeon,Normal,470,0,DI0470000,1090,975,-40,-15,No
Glaceon,Normal,471,0,DI0471000,955,900,-45,0,No
Gliscor,Normal,472,0,DI0472000,2025,975,-45,0,No
Mamoswine,Normal,473,0,DI0473000,3215,950,-115,0,No
Porygon-Z,Normal,474,0,DI0474000,1050,925,0,0,No
Gallade,Normal,475,0,DI0475000,1465,900,-35,-10,No
Gallade,Form 1,475,1,DI0475001,1535,1025,-80,0,No
Probopass,Normal,476,0,DI0476000,1510,925,25,0,No
Dusknoir,Normal,477,0,DI0477000,2640,1000,20,0,No
Froslass,Normal,478,0,DI0478000,1385,600,30,0,No
Rotom,Normal,479,0,DI0479000,475,850,10,0,No
Rotom,Form 1,479,1,DI0479001,1300,800,-50,0,No
Rotom,Form 2,479,2,DI0479002,2300,800,20,0,No
Rotom,Form 3,479,3,DI0479003,4050,875,0,-20,No
Rotom,Form 4,479,4,DI0479004,650,750,-35,0,No
Rotom,Form 5,479,5,DI0479005,1275,800,-50,0,No
Uxie,Normal,480,0,DI0480000,380,800,20,0,No
Mesprit,Normal,481,0,DI0481000,535,800,5,0,No
Azelf,Normal,482,0,DI0482000,445,800,10,0,No
Dialga,Normal,483,0,DI0483000,5350,925,-325,0,No
Dialga,Form 1,483,1,DI0483001,6775,875,-325,0,No
Palkia,Normal,484,0,DI0484000,4450,925,-285,0,No
Palkia,Form 1,484,1,DI0484001,7575,775,-650,0,No
Heatran,Normal,485,0,DI0485000,3500,1000,-345,0,No
Regigigas,Normal,486,0,DI0486000,5200,1000,-130,0,No
Giratina,Normal,487,0,DI0487000,5700,1025,-320,0,No
Giratina,Form 1,487,1,DI0487001,4625,1050,-80,0,No
Cresselia,Normal,488,0,DI0488000,1660,850,10,0,No
Phione,Normal,489,0,DI0489000,625,1000,-40,80,No
Manaphy,Normal,490,0,DI0490000,600,1100,-115,70,No
Darkrai,Normal,491,0,DI0491000,1425,1000,15,0,No
Shaymin,Normal,492,0,DI0492000,275,900,-15,0,No
Shaymin,Form 1,492,1,DI0492001,500,875,-20,0,No
Arceus,Normal,493,0,DI0493000,3800,850,-140,0,No
Arceus,Form 1,493,1,DI0493001,3800,850,-140,0,No
Arceus,Form 2,493,2,DI0493002,3800,850,-140,0,No
Arceus,Form 3,493,3,DI0493003,3800,850,-140,0,No
Arceus,Form 4,493,4,DI0493004,3800,850,-140,0,No
Arceus,Form 5,493,5,DI0493005,3800,850,-140,0,No
Arceus,Form 6,493,6,DI0493006,3800,850,-140,0,No
Arceus,Form 7,493,7,DI0493007,3800,850,-140,0,No
Arceus,Form 8,493,8,DI0493008,3800,850,-140,0,No
Arceus,Form 9,493,9,DI0493009,3800,850,-140,0,No
Arceus,Form 10,493,10,DI0493010,3800,850,-140,0,No
Arceus,Form 11,493,11,DI0493011,3800,850,-140,0,No
Arceus,Form 12,493,12,DI0493012,3800,850,-140,0,No
Arceus,Form 13,493,13,DI0493013,3800,850,-140,0,No
Arceus,Form 14,493,14,DI0493014,3800,850,-140,0,No
Arceus,Form 15,493,15,DI0493015,3800,850,-140,0,No
Arceus,Form 16,493,16,DI0493016,3800,850,-140,0,No
Arceus,Form 17,493,17,DI0493017,3800,850,-140,0,No
Arceus,Form 18,493,18,DI0493018,3800,850,-140,0,No
Victini,Normal,494,0,DI0494000,550,900,-25,60,No
Snivy,Normal,495,0,DI0495000,720,800,-35,0,No
Servine,Normal,496,0,DI0496000,860,875,-30,0,No
Serperior,Normal,497,0,DI0497000,1455,900,-260,0,No
Tepig,Normal,498,0,DI0498000,600,850,-30,0,No
Pignite,Normal,499,0,DI0499000,1040,950,-35,-10,No
Emboar,Normal,500,0,DI0500000,1625,950,-100,0,No
Oshawott,Normal,501,0,DI0501000,600,800,-20,0,No
Dewott,Normal,502,0,DI0502000,950,675,-40,0,No
Samurott,Normal,503,0,DI0503000,1600,900,-130,0,No
Samurott,Form 1,503,1,DI0503001,1750,900,-100,0,No
Patrat,Normal,504,0,DI0504000,600,800,-25,0,No
Watchog,Normal,505,0,DI0505000,1170,550,-40,20,No
Lillipup,Normal,506,0,DI0506000,665,750,-30,0,No
Herdier,Normal,507,0,DI0507000,1440,850,-60,-30,No
Stoutland,Normal,508,0,DI0508000,1925,900,-65,0,No
Purrloin,Normal,509,0,DI0509000,570,800,-25,0,No
Liepard,Normal,510,0,DI0510000,1470,900,-65,0,No
Pansage,Normal,511,0,DI0511000,720,800,-25,0,No
Simisage,Normal,512,0,DI0512000,1170,800,-50,0,No
Pansear,Normal,513,0,DI0513000,695,875,-25,-15,No
Simisear,Normal,514,0,DI0514000,1060,850,-35,0,No
Panpour,Normal,515,0,DI0515000,745,875,-30,0,No
Simipour,Normal,516,0,DI0516000,1085,800,-40,0,No
Munna,Normal,517,0,DI0517000,825,1000,-40,0,No
Musharna,Normal,518,0,DI0518000,1475,875,-20,-20,No
Pidove,Normal,519,0,DI0519000,405,850,-25,0,No
Tranquill,Normal,520,0,DI0520000,680,925,-40,0,No
Unfezant,Normal,521,0,DI0521000,1425,700,-60,25,No
Blitzle,Normal,522,0,DI0522000,850,650,-30,35,No
Zebstrika,Normal,523,0,DI0523000,1695,850,-55,0,No
Roggenrola,Normal,524,0,DI0524000,490,850,-30,0,No
Boldore,Normal,525,0,DI0525000,1180,925,-55,-10,No
Gigalith,Normal,526,0,DI0526000,1810,850,-90,0,No
Woobat,Normal,527,0,DI0527000,590,900,-55,0,No
Swoobat,Normal,528,0,DI0528000,1000,875,0,-15,No
Drilbur,Normal,529,0,DI0529000,470,850,-25,0,No
Excadrill,Normal,530,0,DI0530000,970,1000,-45,0,No
Audino,Normal,531,0,DI0531000,1180,800,-40,0,No
Audino,Form 1,531,1,DI0531001,1405,800,-45,0,No
Timburr,Normal,532,0,DI0532000,825,850,-40,0,No
Gurdurr,Normal,533,0,DI0533000,1680,975,-40,0,No
Conkeldurr,Normal,534,0,DI0534000,1860,950,-170,0,No
Tympole,Normal,535,0,DI0535000,530,825,-10,0,No
Palpitoad,Normal,536,0,DI0536000,980,850,-40,-10,No
Seismitoad,Normal,537,0,DI0537000,1675,1025,-110,-20,No
Throh,Normal,538,0,DI0538000,1935,850,-50,0,No
Sawk,Normal,539,0,DI0539000,1535,850,-85,0,No
Sewaddle,Normal,540,0,DI0540000,270,850,-35,0,No
Swadloon,Normal,541,0,DI0541000,825,750,-60,40,No
Leavanny,Normal,542,0,DI0542000,1325,525,-60,10,No
Venipede,Normal,543,0,DI0543000,335,900,-25,0,No
Whirlipede,Normal,544,0,DI0544000,1050,900,-45,0,No
Scolipede,Normal,545,0,DI0545000,2510,1000,-90,-5,No
Cottonee,Normal,546,0,DI0546000,700,1100,-65,0,No
Whimsicott,Normal,547,0,DI0547000,785,875,-25,0,No
Petilil,Normal,548,0,DI0548000,580,700,-20,0,No
Lilligant,Normal,549,0,DI0549000,1130,700,-40,0,No
Lilligant,Form 1,549,1,DI0549001,1280,700,-65,0,No
Basculin,Normal,550,0,DI0550000,790,900,-35,0,No
Basculin,Form 1,550,1,DI0550001,895,1000,-50,0,No
Basculin,Form 2,550,2,DI0550002,795,1000,-10,0,No
Sandile,Normal,551,0,DI0551000,820,900,-70,0,No
Krokorok,Normal,552,0,DI0552000,1100,900,-70,0,No
Krookodile,Normal,553,0,DI0553000,1625,900,-60,0,No
Darumaka,Normal,554,0,DI0554000,950,850,-140,0,No
Darumaka,Form 1,554,1,DI0554001,1040,850,-125,0,No
Darmanitan,Normal,555,0,DI0555000,1730,850,-305,-20,No
Darmanitan,Form 1,555,1,DI0555001,1360,850,-55,0,No
Darmanitan,Form 2,555,2,DI0555002,1730,850,-130,0,No
Darmanitan,Form 3,555,3,DI0555003,1905,825,-60,-10,No
Maractus,Normal,556,0,DI0556000,1190,850,-50,0,No
Dwebble,Normal,557,0,DI0557000,470,950,-45,0,No
Crustle,Normal,558,0,DI0558000,2055,950,-85,0,No
Scraggy,Normal,559,0,DI0559000,720,650,-25,0,No
Scrafty,Normal,560,0,DI0560000,1180,700,-45,0,No
Sigilyph,Normal,561,0,DI0561000,1425,850,-15,0,No
Yamask,Normal,562,0,DI0562000,680,850,-30,0,No
Yamask,Form 1,562,1,DI0562001,675,850,-30,0,No
Cofagrigus,Normal,563,0,DI0563000,2605,1075,-245,-10,No
Tirtouga,Normal,564,0,DI0564000,810,1000,-110,0,No
Carracosta,Normal,565,0,DI0565000,1570,900,-65,0,No
Archen,Normal,566,0,DI0566000,1000,850,-65,0,No
Archeops,Normal,567,0,DI0567000,3205,700,-115,0,No
Trubbish,Normal,568,0,DI0568000,695,850,-70,0,No
Garbodor,Normal,569,0,DI0569000,2340,925,-75,0,No
Garbodor,Gigantamax,569,0,DI0569000G,27600,1000,-1365,0,Yes
Zorua,Normal,570,0,DI0570000,860,750,-45,0,No
Zorua,Form 1,570,1,DI0570001,1260,725,-50,0,No
Zoroark,Normal,571,0,DI0571000,1815,850,-105,0,No
Zoroark,Form 1,571,1,DI0571001,2090,850,-100,0,No
Minccino,Normal,572,0,DI0572000,540,850,-20,0,No
Cinccino,Normal,573,0,DI0573000,625,950,-30,0,No
Gothita,Normal,574,0,DI0574000,460,650,-20,0,No
Gothorita,Normal,575,0,DI0575000,855,650,-20,0,No
Gothitelle,Normal,576,0,DI0576000,1570,650,-40,0,No
Solosis,Normal,577,0,DI0577000,420,850,-5,0,No
Duosion,Normal,578,0,DI0578000,625,975,0,0,No
Reuniclus,Normal,579,0,DI0579000,2035,1000,-310,0,No
Ducklett,Normal,580,0,DI0580000,600,700,-30,0,No
Swanna,Normal,581,0,DI0581000,1335,850,-30,0,No
Vanillite,Normal,582,0,DI0582000,460,700,15,0,No
Vanillish,Normal,583,0,DI0583000,1080,725,0,0,No
Vanilluxe,Normal,584,0,DI0584000,1235,900,25,0,No
Deerling,Normal,585,0,DI0585000,745,700,-40,0,No
Deerling,Form 1,585,1,DI0585001,745,700,-40,0,No
Deerling,Form 2,585,2,DI0585002,745,700,-40,0,No
Deerling,Form 3,585,3,DI0585003,745,700,-40,0,No
Sawsbuck,Normal,586,0,DI0586000,2110,875,-55,50,No
Sawsbuck,Form 1,586,1,DI0586001,2110,875,-55,-30,No
Sawsbuck,Form 2,586,2,DI0586002,2110,875,-55,0,No
Sawsbuck,Form 3,586,3,DI0586003,2110,875,-55,50,No
Emolga,Normal,587,0,DI0587000,640,900,-55,0,No
Karrablast,Normal,588,0,DI0588000,580,650,-25,0,No
Escavalier,Normal,589,0,DI0589000,1110,850,-5,0,No
Foongus,Normal,590,0,DI0590000,230,975,15,0,No
Amoonguss,Normal,591,0,DI0591000,775,875,-20,0,No
Frillish,Normal,592,0,DI0592000,1245,950,-10,0,No
Jellicent,Normal,593,0,DI0593000,2040,925,20,0,No
Alomomola,Normal,594,0,DI0594000,1000,800,0,0,No
Joltik,Normal,595,0,DI0595000,225,1000,-25,0,No
Galvantula,Normal,596,0,DI0596000,1285,900,-110,0,No
Ferroseed,Normal,597,0,DI0597000,675,925,-125,15,No
Ferrothorn,Normal,598,0,DI0598000,2415,925,-200,0,No
Klink,Normal,599,0,DI0599000,580,900,-15,0,No
Klang,Normal,600,0,DI0600000,775,1050,-20,0,No
Klinklang,Normal,601,0,DI0601000,935,1075,-75,0,No
Tynamo,Normal,602,0,DI0602000,205,850,10,0,No
Eelektrik,Normal,603,0,DI0603000,730,925,15,0,No
Eelektross,Normal,604,0,DI0604000,1570,975,-265,0,No
Elgyem,Normal,605,0,DI0605000,535,750,10,0,No
Beheeyem,Normal,606,0,DI0606000,1010,725,0,0,No
Litwick,Normal,607,0,DI0607000,620,750,-30,0,No
Lampent,Normal,608,0,DI0608000,950,875,5,-30,No
Chandelure,Normal,609,0,DI0609000,1785,950,25,0,No
Axew,Normal,610,0,DI0610000,700,750,-25,0,No
Fraxure,Normal,611,0,DI0611000,1135,875,-55,30,No
Haxorus,Normal,612,0,DI0612000,1970,875,-115,0,No
Cubchoo,Normal,613,0,DI0613000,580,750,-40,0,No
Beartic,Normal,614,0,DI0614000,2500,1000,-95,0,No
Cryogonal,Normal,615,0,DI0615000,1180,975,-5,0,No
Shelmet,Normal,616,0,DI0616000,540,850,-25,0,No
Accelgor,Normal,617,0,DI0617000,925,1125,-30,-40,No
Stunfisk,Normal,618,0,DI0618000,785,850,-50,0,No
Stunfisk,Form 1,618,1,DI0618001,740,875,-55,0,No
Mienfoo,Normal,619,0,DI0619000,970,925,-45,0,No
Mienshao,Normal,620,0,DI0620000,1750,1100,-115,0,No
Druddigon,Normal,621,0,DI0621000,1915,1000,-130,0,No
Golett,Normal,622,0,DI0622000,1070,1025,-45,0,No
Golurk,Normal,623,0,DI0623000,2695,850,-50,0,No
Pawniard,Normal,624,0,DI0624000,760,750,-35,0,No
Bisharp,Normal,625,0,DI0625000,1785,700,-105,0,No
Bouffalant,Normal,626,0,DI0626000,2190,900,-90,-25,No
Rufflet,Normal,627,0,DI0627000,655,850,-35,0,No
Braviary,Normal,628,0,DI0628000,1620,1150,-15,0,No
Braviary,Form 1,628,1,DI0628001,1845,900,-20,0,No
Vullaby,Normal,629,0,DI0629000,730,950,-30,0,No
Mandibuzz,Normal,630,0,DI0630000,1395,800,-70,0,No
Heatmor,Normal,631,0,DI0631000,1975,850,-80,-10,No
Durant,Normal,632,0,DI0632000,720,900,-35,0,No
Deino,Normal,633,0,DI0633000,950,750,-35,0,No
Zweilous,Normal,634,0,DI0634000,1505,925,-60,0,No
Hydreigon,Normal,635,0,DI0635000,1625,1025,25,5,No
Larvesta,Normal,636,0,DI0636000,825,1025,-30,-25,No
Volcarona,Normal,637,0,DI0637000,1625,900,-35,45,No
Cobalion,Normal,638,0,DI0638000,2295,850,-40,0,No
Terrakion,Normal,639,0,DI0639000,2265,925,-50,0,No
Virizion,Normal,640,0,DI0640000,1970,850,-65,10,No
Tornadus,Normal,641,0,DI0641000,1550,800,-25,-15,No
Tornadus,Form 1,641,1,DI0641001,2130,850,-65,0,No
Thundurus,Normal,642,0,DI0642000,1530,800,-15,0,No
Thundurus,Form 1,642,1,DI0642001,2180,900,-125,0,No
Reshiram,Normal,643,0,DI0643000,3455,900,-235,0,No
Zekrom,Normal,644,0,DI0644000,3705,800,-285,0,No
Landorus,Normal,645,0,DI0645000,1600,800,-30,0,No
Landorus,Form 1,645,1,DI0645001,2245,925,25,0,No
Kyurem,Normal,646,0,DI0646000,1930,950,-110,0,No
Kyurem,Form 1,646,1,DI0646001,4460,1100,-175,40,No
Kyurem,Form 2,646,2,DI0646002,4720,1150,-135,-20,No
Keldeo,Normal,647,0,DI0647000,1555,900,-45,0,No
Keldeo,Form 1,647,1,DI0647001,1600,850,-60,0,No
Meloetta,Normal,648,0,DI0648000,775,550,-10,0,No
Meloetta,Form 1,648,1,DI0648001,970,650,-15,0,No
Genesect,Normal,649,0,DI0649000,1670,750,-90,0,No
Genesect,Form 1,649,1,DI0649001,1670,750,-90,0,No
Genesect,Form 2,649,2,DI0649002,1670,750,-90,0,No
Genesect,Form 3,649,3,DI0649003,1670,750,-90,0,No
Genesect,Form 4,649,4,DI0649004,1670,750,-90,0,No
Chespin,Normal,650,0,DI0650000,625,825,-35,0,No
Quilladin,Normal,651,0,DI0651000,1050,1025,-10,0,No
Chesnaught,Normal,652,0,DI0652000,2190,975,-105,0,No
Fennekin,Normal,653,0,DI0653000,785,700,-40,0,No
Braixen,Normal,654,0,DI0654000,1310,750,-30,0,No
Delphox,Normal,655,0,DI0655000,1945,1000,-65,-20,No
Froakie,Normal,656,0,DI0656000,495,800,-25,0,No
Frogadier,Normal,657,0,DI0657000,1095,1000,-115,0,No
Greninja,Normal,658,0,DI0658000,1925,950,-120,0,No
Greninja,Form 1,658,1,DI0658001,1925,950,-120,0,No
Greninja,Form 2,658,2,DI0658002,2000,725,-75,25,No
Bunnelby,Normal,659,0,DI0659000,810,800,-25,0,No
Diggersby,Normal,660,0,DI0660000,1585,900,-65,0,No
Fletchling,Normal,661,0,DI0661000,320,900,-20,0,No
Fletchinder,Normal,662,0,DI0662000,505,1050,-35,0,No
Talonflame,Normal,663,0,DI0663000,1725,1000,-75,10,No
Scatterbug,Normal,664,0,DI0664000,400,800,-20,0,No
Scatterbug,Form 1,664,1,DI0664001,400,800,-20,0,No
Scatterbug,Form 2,664,2,DI0664002,400,800,-20,0,No
Scatterbug,Form 3,664,3,DI0664003,400,800,-20,0,No
Scatterbug,Form 4,664,4,DI0664004,400,800,-20,0,No
Scatterbug,Form 5,664,5,DI0664005,400,800,-20,0,No
Scatterbug,Form 6,664,6,DI0664006,400,800,-20,0,No
Scatterbug,Form 7,664,7,DI0664007,400,800,-20,0,No
Scatterbug,Form 8,664,8,DI0664008,400,800,-20,0,No
Scatterbug,Form 9,664,9,DI0664009,400,800,-20,0,No
Scatterbug,Form 10,664,10,DI0664010,400,800,-20,0,No
Scatterbug,Form 11,664,11,DI0664011,400,800,-20,0,No
Scatterbug,Form 12,664,12,DI0664012,400,800,-20,0,No
Scatterbug,Form 13,664,13,DI0664013,400,800,-20,0,No
Scatterbug,Form 14,664,14,DI0664014,400,800,-20,0,No
Scatterbug,Form 15,664,15,DI0664015,400,800,-20,0,No
Scatterbug,Form 16,664,16,DI0664016,400,800,-20,0,No
Scatterbug,Form 17,664,17,DI0664017,400,800,-20,0,No
Scatterbug,Form 18,664,18,DI0664018,400,800,-20,0,No
Scatterbug,Form 19,664,19,DI0664019,400,800,-20,0,No
Spewpa,Normal,665,0,DI0665000,425,850,-30,0,No
Spewpa,Form 1,665,1,DI0665001,425,850,-30,0,No
Spewpa,Form 2,665,2,DI0665002,425,850,-30,0,No
Spewpa,Form 3,665,3,DI0665003,425,850,-30,0,No
Spewpa,Form 4,665,4,DI0665004,425,850,-30,0,No
Spewpa,Form 5,665,5,DI0665005,425,850,-30,0,No
Spewpa,Form 6,665,6,DI0665006,425,850,-30,0,No
Spewpa,Form 7,665,7,DI0665007,425,850,-30,0,No
Spewpa,Form 8,665,8,DI0665008,425,850,-30,0,No
Spewpa,Form 9,665,9,DI0665009,425,850,-30,0,No
Spewpa,Form 10,665,10,DI0665010,425,850,-30,0,No
Spewpa,Form 11,665,11,DI0665011,425,850,-30,0,No
Spewpa,Form 12,665,12,DI0665012,425,850,-30,0,No
Spewpa,Form 13,665,13,DI0665013,425,850,-30,0,No
Spewpa,Form 14,665,14,DI0665014,425,850,-30,0,No
Spewpa,Form 15,665,15,DI0665015,425,850,-30,0,No
Spewpa,Form 16,665,16,DI0665016,425,850,-30,0,No
Spewpa,Form 17,665,17,DI0665017,425,850,-30,0,No
Spewpa,Form 18,665,18,DI0665018,425,850,-30,0,No
Spewpa,Form 19,665,19,DI0665019,425,850,-30,0,No
Vivillon,Normal,666,0,DI0666000,1325,850,-15,0,No
Vivillon,Form 1,666,1,DI0666001,1325,850,-15,0,No
Vivillon,Form 2,666,2,DI0666002,1325,850,-15,0,No
Vivillon,Form 3,666,3,DI0666003,1325,850,-15,0,No
Vivillon,Form 4,666,4,DI0666004,1325,850,-15,0,No
Vivillon,Form 5,666,5,DI0666005,1325,850,-15,0,No
Vivillon,Form 6,666,6,DI0666006,1325,850,-15,0,No
Vivillon,Form 7,666,7,DI0666007,1325,850,-15,0,No
Vivillon,Form 8,666,8,DI0666008,1325,850,-15,0,No
Vivillon,Form 9,666,9,DI0666009,1325,850,-15,0,No
Vivillon,Form 10,666,10,DI0666010,1325,850,-15,0,No
Vivillon,Form 11,666,11,DI0666011,1325,850,-15,0,No
Vivillon,Form 12,666,12,DI0666012,1325,850,-15,0,No
Vivillon,Form 13,666,13,DI0666013,1325,850,-15,0,No
Vivillon,Form 14,666,14,DI0666014,1325,850,-15,0,No
Vivillon,Form 15,666,15,DI0666015,1325,850,-15,0,No
Vivillon,Form 16,666,16,DI0666016,1325,850,-15,0,No
Vivillon,Form 17,666,17,DI0666017,1325,850,-15,0,No
Vivillon,Form 18,666,18,DI0666018,1325,850,-15,0,No
Vivillon,Form 19,666,19,DI0666019,1325,850,-15,0,No
Litleo,Normal,667,0,DI0667000,850,850,-85,0,No
Pyroar,Normal,668,0,DI0668000,1850,1100,-85,0,No
Flabébé,Normal,669,0,DI0669000,180,850,35,0,No
Flabébé,Form 1,669,1,DI0669001,180,850,35,0,No
Flabébé,Form 2,669,2,DI0669002,180,850,35,0,No
Flabébé,Form 3,669,3,DI0669003,180,850,35,0,No
Flabébé,Form 4,669,4,DI0669004,180,850,35,0,No
Floette,Normal,670,0,DI0670000,275,800,25,0,No
Floette,Form 1,670,1,DI0670001,275,800,25,0,No
Floette,Form 2,670,2,DI0670002,275,800,25,0,No
Floette,Form 3,670,3,DI0670003,275,800,25,0,No
Floette,Form 4,670,4,DI0670004,275,800,25,0,No
Florges,Normal,671,0,DI0671000,1335,800,35,0,No
Florges,Form 1,671,1,DI0671001,1335,800,35,0,No
Florges,Form 2,671,2,DI0671002,1335,800,35,0,No
Florges,Form 3,671,3,DI0671003,1335,800,35,0,No
Florges,Form 4,671,4,DI0671004,1335,800,35,0,No
Skiddo,Normal,672,0,DI0672000,970,1025,-45,0,No
Gogoat,Normal,673,0,DI0673000,1650,875,-70,0,No
Pancham,Normal,674,0,DI0674000,795,975,-30,0,No
Pangoro,Normal,675,0,DI0675000,2530,975,-115,0,No
Furfrou,Normal,676,0,DI0676000,1545,750,-50,0,No
Furfrou,Form 1,676,1,DI0676001,1595,750,-50,0,No
Furfrou,Form 2,676,2,DI0676002,1670,750,-50,0,No
Furfrou,Form 3,676,3,DI0676003,1670,750,-50,0,No
Furfrou,Form 4,676,4,DI0676004,1445,800,-50,-20,No
Furfrou,Form 5,676,5,DI0676005,1420,750,-50,0,No
Furfrou,Form 6,676,6,DI0676006,1520,750,-50,0,No
Furfrou,Form 7,676,7,DI0676007,1520,750,-50,0,No
Furfrou,Form 8,676,8,DI0676008,1520,750,-50,0,No
Furfrou,Form 9,676,9,DI0676009,1645,750,-50,0,No
Espurr,Normal,677,0,DI0677000,400,800,-20,0,No
Meowstic,Normal,678,0,DI0678000,775,1000,-25,0,No
Meowstic,Form 1,678,1,DI0678001,775,875,-25,0,No
Honedge,Normal,679,0,DI0679000,925,800,5,0,No
Doublade,Normal,680,0,DI0680000,1125,800,-85,0,No
Aegislash,Normal,681,0,DI0681000,1720,850,-25,0,No
Aegislash,Form 1,681,1,DI0681001,1750,850,-35,0,No
Spritzee,Normal,682,0,DI0682000,285,1050,25,0,No
Aromatisse,Normal,683,0,DI0683000,1030,850,-30,0,No
Swirlix,Normal,684,0,DI0684000,590,800,0,0,No
Slurpuff,Normal,685,0,DI0685000,855,850,-35,0,No
Inkay,Normal,686,0,DI0686000,610,850,0,0,No
Malamar,Normal,687,0,DI0687000,2375,850,-120,0,No
Binacle,Normal,688,0,DI0688000,600,925,-35,0,No
Barbaracle,Normal,689,0,DI0689000,1785,875,-90,0,No
Skrelp,Normal,690,0,DI0690000,550,950,40,0,No
Dragalge,Normal,691,0,DI0691000,2570,900,-160,0,No
Clauncher,Normal,692,0,DI0692000,685,950,-55,0,No
Clawitzer,Normal,693,0,DI0693000,1540,1025,-195,-5,No
Helioptile,Normal,694,0,DI0694000,660,850,-25,0,No
Heliolisk,Normal,695,0,DI0695000,1320,1000,-40,0,No
Tyrunt,Normal,696,0,DI0696000,1225,1125,-95,-25,No
Tyrantrum,Normal,697,0,DI0697000,3460,925,-180,0,No
Amaura,Normal,698,0,DI0698000,1765,850,-75,0,No
Aurorus,Normal,699,0,DI0699000,3080,900,-110,0,No
Sylveon,Normal,700,0,DI0700000,1160,850,-50,0,No
Hawlucha,Normal,701,0,DI0701000,1030,850,-80,0,No
Dedenne,Normal,702,0,DI0702000,350,950,-20,0,No
Carbink,Normal,703,0,DI0703000,370,1050,10,0,No
Goomy,Normal,704,0,DI0704000,575,850,-35,20,No
Sliggoo,Normal,705,0,DI0705000,1230,850,-55,0,No
Sliggoo,Form 1,705,1,DI0705001,1255,750,-75,0,No
Goodra,Normal,706,0,DI0706000,2200,1100,-115,0,No
Goodra,Form 1,706,1,DI0706001,2325,975,-90,-20,No
Klefki,Normal,707,0,DI0707000,400,875,-5,0,No
Phantump,Normal,708,0,DI0708000,565,950,5,0,No
Trevenant,Normal,709,0,DI0709000,1705,925,-55,0,No
Pumpkaboo,Normal,710,0,DI0710000,635,850,5,0,No
Pumpkaboo,Form 1,710,1,DI0710001,545,850,-10,0,No
Pumpkaboo,Form 2,710,2,DI0710002,710,850,20,0,No
Pumpkaboo,Form 3,710,3,DI0710003,1030,1000,35,0,No
Gourgeist,Normal,711,0,DI0711000,1250,800,-110,0,No
Gourgeist,Form 1,711,1,DI0711001,1110,700,-135,0,No
Gourgeist,Form 2,711,2,DI0711002,1350,800,-80,0,No
Gourgeist,Form 3,711,3,DI0711003,1875,875,-50,0,No
Bergmite,Normal,712,0,DI0712000,1060,850,-40,0,No
Avalugg,Normal,713,0,DI0713000,5310,1000,-550,0,No
Avalugg,Form 1,713,1,DI0713001,4785,1000,-305,0,No
Noibat,Normal,714,0,DI0714000,830,1000,-90,0,No
Noivern,Normal,715,0,DI0715000,2740,1050,-145,0,No
Xerneas,Normal,716,0,DI0716000,4295,900,-260,0,No
Xerneas,Form 1,716,1,DI0716001,4295,900,-260,0,No
Yveltal,Normal,717,0,DI0717000,4895,1050,-175,-35,No
Zygarde,Normal,718,0,DI0718000,3305,1000,-160,0,No
Zygarde,Form 1,718,1,DI0718001,1400,900,-140,0,No
Zygarde,Form 2,718,2,DI0718002,1400,900,-140,0,No
Zygarde,Form 3,718,3,DI0718003,3305,1000,-160,0,No
Zygarde,Form 4,718,4,DI0718004,5270,1000,-230,0,No
Diancie,Normal,719,0,DI0719000,860,850,-15,0,No
Diancie,Form 1,719,1,DI0719001,1145,975,30,0,No
Hoopa,Normal,720,0,DI0720000,825,850,-15,0,No
Hoopa,Form 1,720,1,DI0720001,7330,950,-215,0,No
Volcanion,Normal,721,0,DI0721000,2850,900,-290,0,No
Rowlet,Normal,722,0,DI0722000,380,850,-25,0,No
Dartrix,Normal,723,0,DI0723000,885,1075,-40,0,No
Decidueye,Normal,724,0,DI0724000,2125,925,-95,0,No
Decidueye,Form 1,724,1,DI0724001,2125,850,-100,20,No
Litten,Normal,725,0,DI0725000,745,850,-40,0,No
Torracat,Normal,726,0,DI0726000,915,850,-40,0,No
Incineroar,Normal,727,0,DI0727000,2200,650,-60,0,No
Popplio,Normal,728,0,DI0728000,390,900,-20,0,No
Brionne,Normal,729,0,DI0729000,525,1025,40,0,No
Primarina,Normal,730,0,DI0730000,1400,1025,-230,10,No
Pikipek,Normal,731,0,DI0731000,555,850,-25,0,No
Trumbeak,Normal,732,0,DI0732000,825,925,-30,0,No
Toucannon,Normal,733,0,DI0733000,1205,950,-60,0,No
Yungoos,Normal,734,0,DI0734000,930,900,-25,0,No
Gumshoos,Normal,735,0,DI0735000,860,900,-45,0,No
Grubbin,Normal,736,0,DI0736000,410,850,-25,0,No
Charjabug,Normal,737,0,DI0737000,730,975,-45,0,No
Vikavolt,Normal,738,0,DI0738000,1305,950,10,0,No
Crabrawler,Normal,739,0,DI0739000,900,850,-50,0,No
Crabominable,Normal,740,0,DI0740000,3780,1000,-175,0,No
Oricorio,Normal,741,0,DI0741000,1295,800,-50,0,No
Oricorio,Form 1,741,1,DI0741001,1250,800,-40,0,No
Oricorio,Form 2,741,2,DI0741002,1000,800,-50,0,No
Oricorio,Form 3,741,3,DI0741003,1100,850,-65,0,No
Cutiefly,Normal,742,0,DI0742000,190,850,30,0,No
Ribombee,Normal,743,0,DI0743000,255,950,30,0,No
Rockruff,Normal,744,0,DI0744000,655,850,-25,0,No
Rockruff,Form 1,744,1,DI0744001,655,850,-25,0,No
Lycanroc,Normal,745,0,DI0745000,1380,900,-45,0,No
Lycanroc,Form 1,745,1,DI0745001,1400,850,-70,0,No
Lycanroc,Form 2,745,2,DI0745002,1750,1000,-110,0,No
Wishiwashi,Normal,746,0,DI0746000,170,1000,15,-50,No
Wishiwashi,Form 1,746,1,DI0746001,6325,1000,-745,0,No
Mareanie,Normal,747,0,DI0747000,530,850,-35,0,No
Toxapex,Normal,748,0,DI0748000,1390,1025,-90,35,No
Mudbray,Normal,749,0,DI0749000,1445,875,-80,0,No
Mudsdale,Normal,750,0,DI0750000,2825,950,-125,0,No
Dewpider,Normal,751,0,DI0751000,445,850,-20,0,No
Araquanid,Normal,752,0,DI0752000,2600,1100,-295,0,No
Fomantis,Normal,753,0,DI0753000,355,600,-20,0,No
Lurantis,Normal,754,0,DI0754000,1125,700,-35,0,No
Morelull,Normal,755,0,DI0755000,465,1000,-15,0,No
Shiinotic,Normal,756,0,DI0756000,1120,850,-30,0,No
Salandit,Normal,757,0,DI0757000,500,850,-55,0,No
Salazzle,Normal,758,0,DI0758000,675,800,-90,0,No
Stufful,Normal,759,0,DI0759000,670,950,-35,0,No
Bewear,Normal,760,0,DI0760000,2125,975,-65,0,No
Bounsweet,Normal,761,0,DI0761000,400,850,-55,0,No
Steenee,Normal,762,0,DI0762000,790,875,-20,0,No
Tsareena,Normal,763,0,DI0763000,1255,750,-45,0,No
Comfey,Normal,764,0,DI0764000,565,1000,-15,0,No
Oranguru,Normal,765,0,DI0765000,1650,950,-170,0,No
Passimian,Normal,766,0,DI0766000,2490,925,-405,15,No
Wimpod,Normal,767,0,DI0767000,680,900,-65,0,No
Golisopod,Normal,768,0,DI0768000,2155,1050,-205,0,No
Sandygast,Normal,769,0,DI0769000,740,900,-45,0,No
Palossand,Normal,770,0,DI0770000,1770,1025,-75,0,No
Pyukumuku,Normal,771,0,DI0771000,340,1050,-20,0,No
Type: Null,Normal,772,0,DI0772000,2090,800,-110,0,No
Silvally,Normal,773,0,DI0773000,2205,925,-80,0,No
Silvally,Form 1,773,1,DI0773001,2205,925,-80,0,No
Silvally,Form 2,773,2,DI0773002,2205,925,-80,0,No
Silvally,Form 3,773,3,DI0773003,2205,925,-80,0,No
Silvally,Form 4,773,4,DI0773004,2205,925,-80,0,No
Silvally,Form 5,773,5,DI0773005,2205,925,-80,0,No
Silvally,Form 6,773,6,DI0773006,2205,925,-80,0,No
Silvally,Form 7,773,7,DI0773007,2205,925,-80,0,No
Silvally,Form 8,773,8,DI0773008,2205,925,-80,0,No
Silvally,Form 9,773,9,DI0773009,2205,925,-80,0,No
Silvally,Form 10,773,10,DI0773010,2205,925,-80,0,No
Silvally,Form 11,773,11,DI0773011,2205,925,-80,0,No
Silvally,Form 12,773,12,DI0773012,2205,925,-80,0,No
Silvally,Form 13,773,13,DI0773013,2205,925,-80,0,No
Silvally,Form 14,773,14,DI0773014,2205,925,-80,0,No
Silvally,Form 15,773,15,DI0773015,2205,925,-80,0,No
Silvally,Form 16,773,16,DI0773016,2205,925,-80,0,No
Silvally,Form 17,773,17,DI0773017,2205,925,-80,0,No
Minior,Normal,774,0,DI0774000,390,850,0,0,No
Minior,Form 1,774,1,DI0774001,390,850,0,0,No
Minior,Form 2,774,2,DI0774002,390,850,0,0,No
Minior,Form 3,774,3,DI0774003,390,850,0,0,No
Minior,Form 4,774,4,DI0774004,390,850,0,0,No
Minior,Form 5,774,5,DI0774005,390,850,0,0,No
Minior,Form 6,774,6,DI0774006,390,850,0,0,No
Minior,Form 7,774,7,DI0774007,390,850,0,0,No
Minior,Form 8,774,8,DI0774008,390,850,0,0,No
Minior,Form 9,774,9,DI0774009,390,850,0,0,No
Minior,Form 10,774,10,DI0774010,390,850,0,0,No
Minior,Form 11,774,11,DI0774011,390,850,0,0,No
Minior,Form 12,774,12,DI0774012,390,850,0,0,No
Minior,Form 13,774,13,DI0774013,390,850,0,0,No
Komala,Normal,775,0,DI0775000,540,925,-30,0,No
Turtonator,Normal,776,0,DI0776000,2650,925,-355,0,No
Togedemaru,Normal,777,0,DI0777000,425,800,-20,0,No
Mimikyu,Normal,778,0,DI0778000,700,850,-30,0,No
Mimikyu,Form 1,778,1,DI0778001,675,850,-30,0,No
Bruxish,Normal,779,0,DI0779000,945,1000,-85,0,No
Drampa,Normal,780,0,DI0780000,2440,1025,-410,0,No
Dhelmise,Normal,781,0,DI0781000,4705,750,-20,0,No
Jangmo-o,Normal,782,0,DI0782000,725,800,-30,0,No
Hakamo-o,Normal,783,0,DI0783000,1295,900,-60,0,No
Kommo-o,Normal,784,0,DI0784000,2330,950,-80,0,No
Tapu Koko,Normal,785,0,DI0785000,1770,800,-30,25,No
Tapu Lele,Normal,786,0,DI0786000,1200,650,-10,0,No
Tapu Bulu,Normal,787,0,DI0787000,1965,800,-55,0,No
Tapu Fini,Normal,788,0,DI0788000,1370,725,-20,0,No
Cosmog,Normal,789,0,DI0789000,375,1000,10,0,No
Cosmoem,Normal,790,0,DI0790000,100,1225,35,0,No
Solgaleo,Normal,791,0,DI0791000,3570,950,-290,0,No
Lunala,Normal,792,0,DI0792000,5490,900,-105,0,No
Nihilego,Normal,793,0,DI0793000,1175,650,-5,0,No
Buzzwole,Normal,794,0,DI0794000,2745,850,-65,0,No
Pheromosa,Normal,795,0,DI0795000,2170,650,-50,0,No
Xurkitree,Normal,796,0,DI0796000,4065,850,-170,0,No
Celesteela,Normal,797,0,DI0797000,9915,950,-155,0,No
Kartana,Normal,798,0,DI0798000,550,900,40,0,No
Guzzlord,Normal,799,0,DI0799000,9130,1000,-205,0,No
Necrozma,Normal,800,0,DI0800000,3045,950,-60,0,No
Necrozma,Form 1,800,1,DI0800001,4410,1125,-425,30,No
Necrozma,Form 2,800,2,DI0800002,7650,1000,-850,0,No
Necrozma,Form 3,800,3,DI0800003,9770,975,-885,0,No
Magearna,Normal,801,0,DI0801000,1360,600,-125,0,No
Magearna,Form 1,801,1,DI0801001,1360,600,-125,0,No
Marshadow,Normal,802,0,DI0802000,815,700,-20,0,No
Poipole,Normal,803,0,DI0803000,675,650,25,0,No
Naganadel,Normal,804,0,DI0804000,3500,1000,-515,0,No
Stakataka,Normal,805,0,DI0805000,8200,1000,-205,0,No
Blacephalon,Normal,806,0,DI0806000,1500,900,-70,0,No
Zeraora,Normal,807,0,DI0807000,1725,900,-185,0,No
Meltan,Normal,808,0,DI0808000,270,850,-15,0,No
Melmetal,Normal,809,0,DI0809000,4170,1000,-130,0,No
Melmetal,Gigantamax,809,0,DI0809000G,37725,1000,-1920,0,Yes
Grookey,Normal,810,0,DI0810000,455,800,-20,0,No
Thwackey,Normal,811,0,DI0811000,810,700,-35,0,No
Rillaboom,Normal,812,0,DI0812000,2070,950,-115,0,No
Rillaboom,Gigantamax,812,0,DI0812000G,39075,1000,-1250,0,Yes
Scorbunny,Normal,813,0,DI0813000,500,650,-55,0,No
Raboot,Normal,814,0,DI0814000,700,750,-20,0,No
Cinderace,Normal,815,0,DI0815000,1800,550,-35,0,No
Cinderace,Gigantamax,815,0,DI0815000G,26400,1000,-325,0,Yes
Sobble,Normal,816,0,DI0816000,565,700,-25,0,No
Drizzile,Normal,817,0,DI0817000,1015,800,-45,0,No
Inteleon,Normal,818,0,DI0818000,2040,650,-50,0,No
Inteleon,Gigantamax,818,0,DI0818000G,40100,350,-1700,0,Yes
Skwovet,Normal,819,0,DI0819000,590,700,-25,0,No
Greedent,Normal,820,0,DI0820000,990,900,-25,-5,No
Rookidee,Normal,821,0,DI0821000,315,900,-20,0,No
Corvisquire,Normal,822,0,DI0822000,1050,800,-65,20,No
Corviknight,Normal,823,0,DI0823000,2310,800,-210,0,No
Corviknight,Gigantamax,823,0,DI0823000G,28075,1000,-2200,0,Yes
Blipbug,Normal,824,0,DI0824000,470,750,-20,0,No
Dottler,Normal,825,0,DI0825000,590,850,-20,0,No
Orbeetle,Normal,826,0,DI0826000,820,800,10,0,No
Orbeetle,Gigantamax,826,0,DI0826000G,40600,1000,-6200,0,Yes
Nickit,Normal,827,0,DI0827000,795,875,-30,0,No
Thievul,Normal,828,0,DI0828000,1530,925,-75,-5,No
Gossifleur,Normal,829,0,DI0829000,490,900,-15,0,No
Eldegoss,Normal,830,0,DI0830000,600,850,-70,0,No
Wooloo,Normal,831,0,DI0831000,980,850,-45,0,No
Dubwool,Normal,832,0,DI0832000,1640,850,-85,0,No
Chewtle,Normal,833,0,DI0833000,350,800,-15,0,No
Drednaw,Normal,834,0,DI0834000,1840,900,-60,0,No
Drednaw,Gigantamax,834,0,DI0834000G,24325,950,-910,0,Yes
Yamper,Normal,835,0,DI0835000,475,850,-30,0,No
Boltund,Normal,836,0,DI0836000,1535,900,-200,5,No
Rolycoly,Normal,837,0,DI0837000,445,900,-20,0,No
Carkol,Normal,838,0,DI0838000,1225,850,-75,0,No
Coalossal,Normal,839,0,DI0839000,2735,800,-125,0,No
Coalossal,Gigantamax,839,0,DI0839000G,43500,750,-2020,0,Yes
Applin,Normal,840,0,DI0840000,250,850,-20,0,No
Flapple,Normal,841,0,DI0841000,425,850,10,0,No
Flapple,Gigantamax,841,0,DI0841000G,23750,750,-810,0,Yes
Appletun,Normal,842,0,DI0842000,685,850,-30,0,No
Appletun,Gigantamax,842,0,DI0842000G,23750,750,-810,0,Yes
Silicobra,Normal,843,0,DI0843000,810,900,-30,0,No
Sandaconda,Normal,844,0,DI0844000,1010,1050,-55,0,No
Sandaconda,Gigantamax,844,0,DI0844000G,26600,1000,-410,0,Yes
Cramorant,Normal,845,0,DI0845000,930,700,-45,0,No
Cramorant,Form 1,845,1,DI0845001,1055,850,-40,0,No
Cramorant,Form 2,845,2,DI0845002,1055,1000,-40,0,No
Arrokuda,Normal,846,0,DI0846000,400,1000,-20,0,No
Barraskewda,Normal,847,0,DI0847000,1265,1000,-200,0,No
Toxel,Normal,848,0,DI0848000,585,850,-30,0,No
Toxtricity,Normal,849,0,DI0849000,1610,650,-50,0,No
Toxtricity,Gigantamax,849,0,DI0849000G,26950,950,-3000,0,Yes
Toxtricity,Form 1,849,1,DI0849001,1665,650,-45,0,No
Toxtricity,Gigantamax,849,1,DI0849001G,26950,950,-3000,0,Yes
Sizzlipede,Normal,850,0,DI0850000,765,900,-30,0,No
Centiskorch,Normal,851,0,DI0851000,2195,900,-95,25,No
Centiskorch,Gigantamax,851,0,DI0851000G,36200,950,-950,0,Yes
Clobbopus,Normal,852,0,DI0852000,1070,850,-30,0,No
Grapploct,Normal,853,0,DI0853000,1685,900,-55,0,No
Sinistea,Normal,854,0,DI0854000,220,1000,5,0,No
Sinistea,Form 1,854,1,DI0854001,220,1000,5,0,No
Polteageist,Normal,855,0,DI0855000,305,950,20,0,No
Polteageist,Form 1,855,1,DI0855001,305,950,20,0,No
Hatenna,Normal,856,0,DI0856000,490,875,-25,0,No
Hattrem,Normal,857,0,DI0857000,820,850,-25,0,No
Hatterene,Normal,858,0,DI0858000,1900,650,-55,0,No
Hatterene,Gigantamax,858,0,DI0858000G,24925,1000,-480,0,Yes
Impidimp,Normal,859,0,DI0859000,520,850,-25,0,No
Morgrem,Normal,860,0,DI0860000,1100,850,-55,0,No
Grimmsnarl,Normal,861,0,DI0861000,2020,850,-145,0,No
Grimmsnarl,Gigantamax,861,0,DI0861000G,29350,800,-1140,0,Yes
Obstagoon,Normal,862,0,DI0862000,1835,850,-135,0,No
Perrserker,Normal,863,0,DI0863000,980,850,-40,0,No
Cursola,Normal,864,0,DI0864000,1410,950,-55,35,No
Sirfetch'd,Normal,865,0,DI0865000,1645,650,-70,15,No
Mr. Rime,Normal,866,0,DI0866000,1700,975,-65,0,No
Runerigus,Normal,867,0,DI0867000,2660,900,-85,0,No
Milcery,Normal,868,0,DI0868000,380,900,-15,0,No
Alcremie,Normal,869,0,DI0869000,370,750,-15,0,No
Alcremie,Normal,869,0,DI0869000k1,370,750,-15,0,No
Alcremie,Normal,869,0,DI0869000k2,370,750,-15,0,No
Alcremie,Normal,869,0,DI0869000k3,370,750,-15,0,No
Alcremie,Normal,869,0,DI0869000k4,370,750,-15,0,No
Alcremie,Normal,869,0,DI0869000k5,370,750,-15,0,No
Alcremie,Normal,869,0,DI0869000k6,370,750,-15,0,No
Alcremie,Form 1,869,1,DI0869001,370,750,-15,0,No
Alcremie,Form 1,869,1,DI0869001k1,370,750,-15,0,No
Alcremie,Form 1,869,1,DI0869001k2,370,750,-15,0,No
Alcremie,Form 1,869,1,DI0869001k3,370,750,-15,0,No
Alcremie,Form 1,869,1,DI0869001k4,370,750,-15,0,No
Alcremie,Form 1,869,1,DI0869001k5,370,750,-15,0,No
Alcremie,Form 1,869,1,DI0869001k6,370,750,-15,0,No
Alcremie,Form 2,869,2,DI0869002,370,750,-15,0,No
Alcremie,Form 2,869,2,DI0869002k1,370,750,-15,0,No
Alcremie,Form 2,869,2,DI0869002k2,370,750,-15,0,No
Alcremie,Form 2,869,2,DI0869002k3,370,750,-15,0,No
Alcremie,Form 2,869,2,DI0869002k4,370,750,-15,0,No
Alcremie,Form 2,869,2,DI0869002k5,370,750,-15,0,No
Alcremie,Form 2,869,2,DI0869002k6,370,750,-15,0,No
Alcremie,Form 3,869,3,DI0869003,370,750,-15,0,No
Alcremie,Form 3,869,3,DI0869003k1,370,750,-15,0,No
Alcremie,Form 3,869,3,DI0869003k2,370,750,-15,0,No
Alcremie,Form 3,869,3,DI0869003k3,370,750,-15,0,No
Alcremie,Form 3,869,3,DI0869003k4,370,750,-15,0,No
Alcremie,Form 3,869,3,DI0869003k5,370,750,-15,0,No
Alcremie,Form 3,869,3,DI0869003k6,370,750,-15,0,No
Alcremie,Form 4,869,4,DI0869004,370,750,-15,0,No
Alcremie,Form 4,869,4,DI0869004k1,370,750,-15,0,No
Alcremie,Form 4,869,4,DI0869004k2,370,750,-15,0,No
Alcremie,Form 4,869,4,DI0869004k3,370,750,-15,0,No
Alcremie,Form 4,869,4,DI0869004k4,370,750,-15,0,No
Alcremie,Form 4,869,4,DI0869004k5,370,750,-15,0,No
Alcremie,Form 4,869,4,DI0869004k6,370,750,-15,0,No
Alcremie,Form 5,869,5,DI0869005,370,750,-15,0,No
Alcremie,Form 5,869,5,DI0869005k1,370,750,-15,0,No
Alcremie,Form 5,869,5,DI0869005k2,370,750,-15,0,No
Alcremie,Form 5,869,5,DI0869005k3,370,750,-15,0,No
Alcremie,Form 5,869,5,DI0869005k4,370,750,-15,0,No
Alcremie,Form 5,869,5,DI0869005k5,370,750,-15,0,No
Alcremie,Form 5,869,5,DI0869005k6,370,750,-15,0,No
Alcremie,Form 6,869,6,DI0869006,370,750,-15,0,No
Alcremie,Form 6,869,6,DI0869006k1,370,750,-15,0,No
Alcremie,Form 6,869,6,DI0869006k2,370,750,-15,0,No
Alcremie,Form 6,869,6,DI0869006k3,370,750,-15,0,No
Alcremie,Form 6,869,6,DI0869006k4,370,750,-15,0,No
Alcremie,Form 6,869,6,DI0869006k5,370,750,-15,0,No
Alcremie,Form 6,869,6,DI0869006k6,370,750,-15,0,No
Alcremie,Form 7,869,7,DI0869007,370,750,-15,0,No
Alcremie,Form 7,869,7,DI0869007k1,370,750,-15,0,No
Alcremie,Form 7,869,7,DI0869007k2,370,750,-15,0,No
Alcremie,Form 7,869,7,DI0869007k3,370,750,-15,0,No
Alcremie,Form 7,869,7,DI0869007k4,370,750,-15,0,No
Alcremie,Form 7,869,7,DI0869007k5,370,750,-15,0,No
Alcremie,Form 7,869,7,DI0869007k6,370,750,-15,0,No
Alcremie,Form 8,869,8,DI0869008,370,750,-15,0,No
Alcremie,Form 8,869,8,DI0869008k1,370,750,-15,0,No
Alcremie,Form 8,869,8,DI0869008k2,370,750,-15,0,No
Alcremie,Form 8,869,8,DI0869008k3,370,750,-15,0,No
Alcremie,Form 8,869,8,DI0869008k4,370,750,-15,0,No
Alcremie,Form 8,869,8,DI0869008k5,370,750,-15,0,No
Alcremie,Form 8,869,8,DI0869008k6,370,750,-15,0,No
Alcremie,Gigantamax,869,100,DI0869000G,31250,1000,-1800,0,Yes
Falinks,Normal,870,0,DI0870000,900,950,-35,0,No
Pincurchin,Normal,871,0,DI0871000,525,850,-30,0,No
Snom,Normal,872,0,DI0872000,405,850,-20,0,No
Frosmoth,Normal,873,0,DI0873000,2100,900,-255,0,No
Stonjourner,Normal,874,0,DI0874000,2860,850,-75,0,No
Eiscue,Normal,875,0,DI0875000,1800,700,-75,0,No
Eiscue,Form 1,875,1,DI0875001,1800,600,-75,0,No
Indeedee,Normal,876,0,DI0876000,1045,650,-30,0,No
Indeedee,Form 1,876,1,DI0876001,960,650,-30,0,No
Morpeko,Normal,877,0,DI0877000,425,800,-20,0,No
Morpeko,Form 1,877,1,DI0877001,475,800,-50,0,No
Cufant,Normal,878,0,DI0878000,1570,1150,-60,0,No
Copperajah,Normal,879,0,DI0879000,4000,950,-115,0,No
Copperajah,Gigantamax,879,0,DI0879000G,27850,1000,-2070,0,Yes
Dracozolt,Normal,880,0,DI0880000,3200,1300,-145,125,No
Arctozolt,Normal,881,0,DI0881000,2160,1025,-55,25,No
Dracovish,Normal,882,0,DI0882000,2310,975,-145,0,No
Arctovish,Normal,883,0,DI0883000,1650,1050,15,0,No
Duraludon,Normal,884,0,DI0884000,1750,900,-85,0,No
Duraludon,Gigantamax,884,0,DI0884000G,40950,900,-2330,0,Yes
Dreepy,Normal,885,0,DI0885000,475,900,-35,0,No
Drakloak,Normal,886,0,DI0886000,1000,950,-35,5,No
Dragapult,Normal,887,0,DI0887000,1750,950,20,15,No
Zacian,Normal,888,0,DI0888000,2815,1100,-75,0,No
Zacian,Form 1,888,1,DI0888001,2990,1000,-110,0,No
Zamazenta,Normal,889,0,DI0889000,2235,1000,-155,0,No
Zamazenta,Form 1,889,1,DI0889001,2610,1000,-150,-25,No
Eternatus,Normal,890,0,DI0890000,9850,1000,-700,0,No
Eternatus,Form 1,890,1,DI0890001,180000,1000,-17000,0,No
Kubfu,Normal,891,0,DI0891000,825,800,-20,0,No
Urshifu,Normal,892,0,DI0892000,1900,800,-50,0,No
Urshifu,Gigantamax,892,0,DI0892000G,26000,800,-700,0,Yes
Urshifu,Form 1,892,1,DI0892001,1850,800,-45,0,No
Urshifu,Gigantamax,892,1,DI0892001G,25000,800,-870,0,Yes
Zarude,Normal,893,0,DI0893000,2925,900,-160,0,No
Zarude,Form 1,893,1,DI0893001,2925,900,-160,0,No
Regieleki,Normal,894,0,DI0894000,2600,1000,-440,0,No
Regidrago,Normal,895,0,DI0895000,2425,1000,20,0,No
Glastrier,Normal,896,0,DI0896000,2200,750,-130,0,No
Spectrier,Normal,897,0,DI0897000,2700,1000,-160,0,No
Calyrex,Normal,898,0,DI0898000,1275,575,-55,0,No
Calyrex,Form 1,898,1,DI0898001,2725,1000,-65,0,No
Calyrex,Form 2,898,2,DI0898002,2275,650,-75,25,No
Wyrdeer,Normal,899,0,DI0899000,1800,1250,-85,10,No
Kleavor,Normal,900,0,DI0900000,1850,1200,-90,-5,No
Ursaluna,Normal,901,0,DI0901000,3325,825,-190,0,No
Ursaluna,Form 1,901,1,DI0901001,3225,1075,-185,0,No
Basculegion,Normal,902,0,DI0902000,1975,1225,-280,0,No
Basculegion,Form 1,902,1,DI0902001,1950,1000,-260,0,No
Sneasler,Normal,903,0,DI0903000,1400,725,-55,-30,No
Overqwil,Normal,904,0,DI0904000,2550,650,-65,30,No
Enamorus,Normal,905,0,DI0905000,1475,1025,25,20,No
Enamorus,Form 1,905,1,DI0905001,1175,850,-60,-45,No
Sprigatito,Normal,906,0,DI0906000,625,700,-20,0,No
Floragato,Normal,907,0,DI0907000,1025,700,-30,0,No
Meowscarada,Normal,908,0,DI0908000,1600,800,-55,0,No
Fuecoco,Normal,909,0,DI0909000,700,800,-25,0,No
Crocalor,Normal,910,0,DI0910000,1450,825,-45,-25,No
Skeledirge,Normal,911,0,DI0911000,1700,1000,-65,0,No
Quaxly,Normal,912,0,DI0912000,675,600,-20,0,No
Quaxwell,Normal,913,0,DI0913000,1275,600,-50,0,No
Quaquaval,Normal,914,0,DI0914000,1925,600,-105,0,No
Lechonk,Normal,915,0,DI0915000,825,900,-35,0,No
Oinkologne,Normal,916,0,DI0916000,1350,750,-70,0,No
Oinkologne,Form 1,916,1,DI0916001,1425,800,-75,5,No
Tarountula,Normal,917,0,DI0917000,675,700,-25,0,No
Spidops,Normal,918,0,DI0918000,1725,950,-50,0,No
Nymble,Normal,919,0,DI0919000,275,800,-20,0,No
Lokix,Normal,920,0,DI0920000,1175,600,-30,0,No
Pawmi,Normal,921,0,DI0921000,370,1000,-30,0,No
Pawmo,Normal,922,0,DI0922000,500,875,-25,40,No
Pawmot,Normal,923,0,DI0923000,1200,800,-30,0,No
Tandemaus,Normal,924,0,DI0924000,725,800,-20,0,No
Maushold,Normal,925,0,DI0925000,625,800,-20,0,No
Maushold,Form 1,925,1,DI0925001,650,900,-25,0,No
Fidough,Normal,926,0,DI0926000,525,800,-25,0,No
Dachsbun,Normal,927,0,DI0927000,850,900,-50,0,No
Smoliv,Normal,928,0,DI0928000,375,650,-10,30,No
Dolliv,Normal,929,0,DI0929000,700,600,-25,0,No
Arboliva,Normal,930,0,DI0930000,1675,1050,-50,0,No
Squawkabilly,Normal,931,0,DI0931000,1100,800,-40,0,No
Squawkabilly,Form 1,931,1,DI0931001,1100,800,-40,0,No
Squawkabilly,Form 2,931,2,DI0931002,1100,800,-40,0,No
Squawkabilly,Form 3,931,3,DI0931003,1100,800,-40,0,No
Nacli,Normal,932,0,DI0932000,550,1000,-20,0,No
Naclstack,Normal,933,0,DI0933000,900,975,-85,0,No
Garganacl,Normal,934,0,DI0934000,2250,900,-115,0,No
Charcadet,Normal,935,0,DI0935000,980,550,-40,0,No
Armarouge,Normal,936,0,DI0936000,1575,650,-40,0,No
Ceruledge,Normal,937,0,DI0937000,1725,975,-45,0,No
Tadbulb,Normal,938,0,DI0938000,350,500,5,0,No
Bellibolt,Normal,939,0,DI0939000,1250,1000,-30,0,No
Wattrel,Normal,940,0,DI0940000,550,800,-35,70,No
Kilowattrel,Normal,941,0,DI0941000,2325,1050,-150,0,No
Maschiff,Normal,942,0,DI0942000,950,900,-45,0,No
Mabosstiff,Normal,943,0,DI0943000,1350,1000,-120,0,No
Shroodle,Normal,944,0,DI0944000,350,900,-30,0,No
Grafaiai,Normal,945,0,DI0945000,975,900,-45,0,No
Bramblin,Normal,946,0,DI0946000,775,1000,-25,0,No
Brambleghast,Normal,947,0,DI0947000,1425,900,-60,0,No
Toedscool,Normal,948,0,DI0948000,1000,1000,-25,0,No
Toedscruel,Normal,949,0,DI0949000,1925,825,-135,0,No
Klawf,Normal,950,0,DI0950000,2175,1000,-115,0,No
Capsakid,Normal,951,0,DI0951000,425,700,-20,20,No
Scovillain,Normal,952,0,DI0952000,1020,1000,-45,0,No
Rellor,Normal,953,0,DI0953000,600,650,-30,5,No
Rabsca,Normal,954,0,DI0954000,1225,600,-90,0,No
Flittle,Normal,955,0,DI0955000,350,1100,5,0,No
Espathra,Normal,956,0,DI0956000,1800,850,-55,0,No
Tinkatink,Normal,957,0,DI0957000,900,900,-30,0,No
Tinkatuff,Normal,958,0,DI0958000,1175,900,-120,0,No
Tinkaton,Normal,959,0,DI0959000,2050,1175,-60,0,No
Wiglett,Normal,960,0,DI0960000,1175,500,0,-50,No
Wugtrio,Normal,961,0,DI0961000,1375,925,-100,5,No
Bombirdier,Normal,962,0,DI0962000,1750,1000,-80,0,No
Finizen,Normal,963,0,DI0963000,1250,950,-145,0,No
Palafin,Normal,964,0,DI0964000,1250,950,-145,0,No
Palafin,Form 1,964,1,DI0964001,2025,950,-45,15,No
Varoom,Normal,965,0,DI0965000,925,1000,35,10,No
Revavroom,Normal,966,0,DI0966000,1400,900,30,0,No
Cyclizar,Normal,967,0,DI0967000,1850,1075,-145,0,No
Orthworm,Normal,968,0,DI0968000,1650,900,-40,0,No
Glimmet,Normal,969,0,DI0969000,725,775,-10,10,No
Glimmora,Normal,970,0,DI0970000,1200,900,-110,0,No
Greavard,Normal,971,0,DI0971000,825,900,-50,0,No
Houndstone,Normal,972,0,DI0972000,1975,1000,-145,0,No
Flamigo,Normal,973,0,DI0973000,1675,700,-40,0,No
Cetoddle,Normal,974,0,DI0974000,2325,700,-45,0,No
Cetitan,Normal,975,0,DI0975000,4550,1100,-190,0,No
Veluza,Normal,976,0,DI0976000,1700,850,-105,0,No
Dondozo,Normal,977,0,DI0977000,8275,1000,-985,0,No
Tatsugiri,Normal,978,0,DI0978000,265,800,-20,-15,No
Tatsugiri,Form 1,978,1,DI0978001,265,800,-20,-15,No
Tatsugiri,Form 2,978,2,DI0978002,265,800,-20,-15,No
Annihilape,Normal,979,0,DI0979000,2150,1200,-100,0,No
Clodsire,Normal,980,0,DI0980000,1375,1000,-50,0,No
Farigiraf,Normal,981,0,DI0981000,3000,550,-105,0,No
Dudunsparce,Normal,982,0,DI0982000,1225,1000,-85,0,No
Dudunsparce,Form 1,982,1,DI0982001,1225,1050,-85,0,No
Kingambit,Normal,983,0,DI0983000,1900,800,-65,0,No
Great Tusk,Normal,984,0,DI0984000,4025,1000,-175,-5,No
Scream Tail,Normal,985,0,DI0985000,2075,875,-80,0,No
Brute Bonnet,Normal,986,0,DI0986000,1550,1000,-60,0,No
Flutter Mane,Normal,987,0,DI0987000,2775,950,-205,0,No
Slither Wing,Normal,988,0,DI0988000,3075,850,-165,0,No
Sandy Shocks,Normal,989,0,DI0989000,2350,850,-190,-20,No
Iron Treads,Normal,990,0,DI0990000,1450,950,-55,0,No
Iron Bundle,Normal,991,0,DI0991000,775,800,-30,0,No
Iron Hands,Normal,992,0,DI0992000,2975,1075,-70,35,No
Iron Jugulis,Normal,993,0,DI0993000,1325,1050,-50,0,No
Iron Moth,Normal,994,0,DI0994000,1375,875,-55,15,No
Iron Thorns,Normal,995,0,DI0995000,1650,1000,-135,0,No
Frigibax,Normal,996,0,DI0996000,655,500,-25,0,No
Arctibax,Normal,997,0,DI0997000,1075,1300,-45,0,No
Baxcalibur,Normal,998,0,DI0998000,2135,675,-155,-10,No
Gimmighoul,Normal,999,0,DI0999000,600,800,-60,0,No
Gimmighoul,Form 1,999,1,DI0999001,150,800,-15,0,No
Gholdengo,Normal,1000,0,DI1000000,1600,800,-50,-50,No
Wo-Chien,Normal,1001,0,DI1001000,2400,1000,-125,0,No
Chien-Pao,Normal,1002,0,DI1002000,2550,900,-135,0,No
Ting-Lu,Normal,1003,0,DI1003000,2625,1150,-70,0,No
Chi-Yu,Normal,1004,0,DI1004000,1150,350,-140,-5,No
Roaring Moon,Normal,1005,0,DI1005000,8950,1050,-70,0,No
Iron Valiant,Normal,1006,0,DI1006000,1525,1150,-70,105,No
Koraidon,Normal,1007,0,DI1007000,3275,1000,-135,0,No
Miraidon,Normal,1008,0,DI1008000,3750,600,10,0,No
Walking Wake,Normal,1009,0,DI1009000,4550,1100,-170,15,No
Iron Leaves,Normal,1010,0,DI1010000,1900,500,-135,0,No
Dipplin,Normal,1011,0,DI1011000,810,700,-35,0,No
Poltchageist,Normal,1012,0,DI1012000,145,1000,30,0,No
Poltchageist,Form 1,1012,1,DI1012001,145,1000,30,0,No
Sinistcha,Normal,1013,0,DI1013000,285,1000,25,0,No
Sinistcha,Form 1,1013,1,DI1013001,285,1000,25,0,No
Okidogi,Normal,1014,0,DI1014000,1975,1000,-50,0,No
Munkidori,Normal,1015,0,DI1015000,1175,550,-40,0,No
Fezandipiti,Normal,1016,0,DI1016000,1325,1050,-50,0,No
Ogerpon,Normal,1017,0,DI1017000,1430,850,-35,0,No
Ogerpon,Form 1,1017,1,DI1017001,1430,850,-35,0,No
Ogerpon,Form 2,1017,2,DI1017002,1430,850,-35,0,No
Ogerpon,Form 3,1017,3,DI1017003,1430,850,-35,0,No
Archaludon,Normal,1018,0,DI1018000,2300,800,-95,0,No
Hydrapple,Normal,1019,0,DI1019000,1800,800,-55,0,No
Gouging Fire,Normal,1020,0,DI1020000,3675,1025,-245,20,No
Raging Bolt,Normal,1021,0,DI1021000,5025,800,-240,0,No
Iron Boulder,Normal,1022,0,DI1022000,1625,800,-60,0,No
Iron Crown,Normal,1023,0,DI1023000,1800,800,-95,0,No
Terapagos,Normal,1024,0,DI1024000,500,800,-25,0,No
Terapagos,Form 1,1024,1,DI1024001,825,1000,-190,0,No
Terapagos,Form 2,1024,2,DI1024002,1700,950,-130,0,No
Pecharunt,Normal,1025,0,DI1025000,525,1375,-25,10,No
